step,div_protein,true_label_1,pred_label_1,true_label_2,pred_label_2,true_label_3,pred_label_3,true_label_4,pred_label_4,true_label_5,pred_label_5,phase_dna,phase_rna,phase_protein
0,0.20062643574285446,0.3713712566391512,0.39289202128563216,0.950419708764741,0.9999999926034726,0.7329845907186041,0.3106943354581591,0.6043454528807564,0.46661177561961875,0.14469593913461776,0.3533493573432107,0.0,0.15,0.15
1,0.43740565698475725,0.14921963852513573,0.16876027246280548,0.04728011702127071,0.2157123069957425,0.8683697281892765,0.6084211823555966,0.6068464619856356,0.5649129345588877,0.7129857281850492,0.6382316648130375,0.0,0.15,0.15
2,0.5227668992473292,0.011575336381023744,0.22212444025155856,0.96984124273804,0.8766198586796958,0.8343338048444535,0.6878009122137633,0.21103080348177275,0.2391476037539525,0.17126122741706276,0.2614767992495731,0.0,0.15,0.15
3,0.2790358981308795,0.17708189503006447,0.16301167820427384,0.29633676133247305,0.40048516894197894,0.5238892116300916,0.390260140302866,0.4346132241872374,0.46908692814232505,0.28388296631507715,0.5943991460989835,0.0,0.15,0.15
4,0.5672572386837704,0.6125997120228988,0.5883975769952077,0.12964880437846568,0.19513288350772742,0.28919208114885725,0.40529697436130163,0.3678425018605591,0.3470333715680151,0.4535717632531302,0.28187511966497786,0.0,0.15,0.15
5,0.44190190093660453,0.7887826229562369,0.5069699205045687,0.19053722115707614,0.06062241844604331,0.5132728895226059,0.39051322052892123,0.5979884758839998,0.5513893084770365,0.03190532067167831,0.39418881718304727,0.0,0.15,0.15
6,0.3294988144241591,0.6082205861558195,0.528175266248717,0.1610443851826354,0.23047577489027027,0.06006315319787657,0.20624815161653892,0.9609142403277757,0.5563725562452002,0.9781199815694551,0.845985968210386,0.0,0.15,0.15
7,0.39442309223422944,0.8123871643911071,0.7099774892760509,0.2967126615062489,0.1836941563264563,0.09297611477069068,0.26335982739608826,0.6914695357388881,0.6504486794739908,0.43718614095506936,0.4371695204199724,0.0,0.15,0.15
8,0.4558326912521723,0.11470307164641148,0.2339769968957041,0.4895192929813294,0.7591474485090991,0.029125189162573974,0.11408576712859891,0.9206326796908839,0.7976351452576261,0.2504794811720596,0.31449930315005026,0.0,0.15,0.15
9,0.40760053914124117,0.6641051505775682,0.4411763353978903,0.3038935246694587,0.4565239298572166,0.5191587699236485,0.33943541287418055,0.5514565962001846,0.525309299810138,0.17437981268730338,0.2644662344827808,0.0,0.15,0.15
10,0.45387559924463694,0.976234046859402,0.7876000465515065,0.7727711135042837,0.7417357396785293,0.9423498574049229,0.8389793149025361,0.9058771951886033,0.7046281977296394,0.5995729639605327,0.5547923017636364,0.0,0.15,0.15
11,0.3079326406920634,0.9277364288768315,0.6019641121556908,0.07804700927819122,0.14370334831310352,0.192168211751926,0.24816819890689776,0.040893005342556514,0.25033083044354526,0.31898706952205363,0.31061457180849145,0.0,0.15,0.15
12,0.4169360824036078,0.38574169191456475,0.43819158223026944,0.2630562999804597,0.4875471169262451,0.8305954569655171,0.6935044437097742,0.3580599991002359,0.5901227851111016,0.27328557173928514,0.2968357993791262,0.0,0.15,0.15
13,0.258628550309502,0.5423018076164952,0.3190250273594412,0.131096008310394,0.027838303749598226,0.8038169946988726,0.7933147123433005,0.07074733259312273,0.2595720859183801,0.999999989705901,0.8301076355295781,0.0,0.15,0.15
14,0.38887739386513,0.7756380651709562,0.633960095791663,0.18956784086110415,0.1462866656726902,0.0,0.3413813943008847,0.8250741552306582,0.7191349374279846,0.71173475432639,0.66449944098734,0.0,0.15,0.15
15,0.30960923585352107,0.7316870400862518,0.6518509786555188,0.7688631640801448,0.7559548590460317,0.06913683405141588,0.14634079992651108,0.3598034082577862,0.2997179929100373,0.10336556301351653,0.3164099511670894,0.0,0.15,0.15
16,0.32644700574102337,0.8679958967456132,0.8638074892533785,0.6191488745151805,0.7466830907482892,0.328292878610897,0.47517066528431623,0.05955599630865734,0.12447484281819306,0.30421708694744753,0.29438182210530367,0.0,0.15,0.15
17,0.5236093175210438,0.3212000687803186,0.29064816035293245,0.7267084855162373,0.6758517804997397,0.6377015043084896,0.6345475277917255,0.898124705868499,0.5700437766084492,0.4701915253144224,0.6565957955012086,0.0,0.15,0.15
18,0.5091310120594269,0.11221875673032373,0.14903180786297324,0.710154472543861,0.6078209815262156,0.7620338076613651,0.49029867656504633,0.5662872848161409,0.3467320588320388,0.7777300543724729,0.7791343449351391,0.0,0.15,0.15
19,0.46091381209071774,0.4925944589358316,0.42498377582930874,0.5173996267417753,0.3668862474038876,0.42580226938621757,0.22691186608084343,0.02072616699124522,0.11704201414909624,0.0951533090979559,0.43346294061845436,0.0,0.15,0.15
20,0.29076872353274213,0.022598966034766743,0.07905561174398472,0.632415529234705,0.4262625832099828,0.3116025366389318,0.2626453805236941,0.512626395643468,0.4610576820943336,0.918346720069391,0.5087933266033426,0.0,0.15,0.15
21,0.36835915503051986,0.2440567668876501,0.24715585776377116,0.4037270304434051,0.40651655467041803,0.7567529759718682,0.6733578160679093,0.2277878905374536,0.49779782932647654,0.0633326872709315,0.35794691879061785,0.0,0.15,0.15
22,0.5213097699979183,0.28518357103396674,0.2517521285162593,0.15163202691105204,0.12075146616774789,0.9324607003523306,0.999999993024359,0.8176001783388029,0.7063596241119879,0.6361209042505169,0.6068961618572414,0.0,0.15,0.15
23,0.4141716913639905,0.8764909549276625,0.6686318091672108,0.801646358278236,0.7471328621761957,0.1826710231332266,0.1845871433154115,0.9035677690809963,0.6960873800019189,0.5392930498146409,0.4883641452633233,0.0,0.15,0.15
24,0.6319329539981695,0.8114141776795407,0.6246805275913832,0.8951536282947474,0.7295576939789392,0.3152827300467324,0.21413766632118947,0.10689145268403734,0.2244401843375351,0.21872751903618498,0.31526698484328075,0.0,0.15,0.15
25,0.4393317839394372,0.4248062971131792,0.5308558069593582,0.8161579030779381,0.4275654588879312,0.8628753466065663,0.7899316584488748,0.001924779748422505,0.2770946802672104,0.5098571361387976,0.31389941495875134,0.0,0.15,0.15
26,0.4192049116490032,0.4149495139109493,0.32980653127116305,0.2132353641874448,0.25097511780262727,0.11536832896814465,0.0,0.33857529977114853,0.2865532207660768,0.9547293909541053,0.6937573408864931,0.0,0.15,0.15
27,0.3690883535797499,0.3191870021831185,0.4871518467872435,0.5134110076854443,0.6218990005223748,0.7037498492294123,0.6995960954303512,0.365060786909192,0.4686367050988979,0.984450903567688,0.7106827006564415,0.0,0.15,0.15
28,0.41335409047822824,0.9689789474827656,0.6770924441688705,0.24325920580668042,0.37268355367427075,0.49613467937605915,0.28351049568410364,0.30117322567000987,0.4239034201728565,0.2773064310527871,0.3538386829048664,0.0,0.15,0.15
29,0.38475301636194564,0.02814678120030613,0.07058668153097448,0.6052533943960897,0.6629974799977633,0.5016138808977118,0.46942714461678303,0.04725766600111091,0.13247228518489734,0.2709302350981072,0.4926850908326082,0.0,0.15,0.15
30,0.47081086766885905,0.9139035409882235,0.5820386384160036,0.23089493041609988,0.37831181615738224,0.14062222137956643,0.23611703385102537,0.4931622869304624,0.44369238249043624,0.9987271423882499,0.8682691943699298,0.0,0.15,0.15
31,0.49567023167945845,0.236700398878787,0.1162170319713108,0.6685612556571681,0.7339707211392739,0.7628758562018625,0.581290056703307,0.23678732803464986,0.2446814587578664,0.7337219253082422,0.7743350101262844,0.0,0.15,0.15
32,0.32140105394920504,0.3645027797072913,0.2583436260033148,0.6282626255370426,0.4341992454448338,0.633637635139155,0.3420159858450981,0.5403229847019284,0.5761070522987787,0.07703398916937398,0.12090378183593854,0.0,0.15,0.15
33,0.2668767046442222,0.8397362489180525,0.8317138142517433,0.3130692823143006,0.12573035741038338,0.18261901251868937,0.38574358354528643,0.036360240753612376,0.18753596276667742,0.5923598521130505,0.5679039604371596,0.0,0.15,0.15
34,0.21637946268967034,0.6793954235301563,0.48341038843596956,0.005295805954536447,0.1882636171591134,0.511112312094362,0.42332490809710066,0.22544380972449338,0.4146725918283722,0.6482360642725005,0.6248029670511827,0.0,0.15,0.15
35,0.4507991326912544,0.16789468513517272,0.21833382061643505,0.6875848036251484,0.5986537189614884,0.38463077750448726,0.3337692774981072,0.9485385852848732,0.8232740457502243,0.1256542274196058,0.1078073125415244,0.0,0.15,0.15
36,0.2896633393826127,0.33734516903473877,0.17255884110787514,0.10332212878386376,0.2998062652964747,0.9274118054940521,0.7339283079749928,0.8880725343339061,0.728069459484062,0.2496164713823617,0.3627281727349433,0.0,0.15,0.15
37,0.18471094070475172,0.6615250311254054,0.5656070559278543,0.8153560065191913,0.6716466943846782,0.5546065232058676,0.37244366700858017,0.5340879867733653,0.5269926231746119,0.2330539487632489,0.25048759000050963,0.0,0.15,0.15
38,0.43885786045309644,0.08529016712047739,0.1908710617268167,0.8962913245139652,0.5960548601866049,0.9029186157737766,0.8108015284819055,0.6394121018979813,0.6294319780813193,0.3330894295795432,0.43981486223223015,0.0,0.15,0.15
39,0.6492999517432791,0.3456227564278314,0.42356896078413303,0.7230150088967361,0.8597050311972563,0.899581164406346,0.806878136120692,0.897996100249181,0.5537307405528223,0.7869004144356653,0.5702821251711755,0.0,0.15,0.15
40,0.3993929088460107,0.6432764152323516,0.45110430297465964,0.07364323001544718,0.19499666792949208,0.15750608103548108,0.23954448853418442,0.9096715169879294,0.6836441938563979,0.6083528842332255,0.6069650197660232,0.0,0.15,0.15
41,0.4838490774451642,0.0,0.011881605792535142,0.09117885170496007,0.1339237332336551,0.6638783907665726,0.379314205572753,0.0,0.03861455322949757,0.14962620621276104,0.159575117402836,0.0,0.15,0.15
42,0.4081829358547565,0.5484391364532082,0.3513978354310087,0.6885535353402988,0.7636070152648592,0.6522344213483864,0.42124051498635795,0.2231770282713152,0.5802859310568712,0.7172131477172224,0.7071591573423702,0.0,0.15,0.15
43,0.39011103468088576,0.23181491244898422,0.26424911427802183,0.31774330221738756,0.2709466019484852,0.7476120227085877,0.6674865656020369,0.6562428866607439,0.5263684311456817,0.8582877929123484,0.7585441301151195,0.0,0.15,0.15
44,0.49190764829877687,0.6591147531680491,0.7970786129481291,0.5635119620527436,0.5389572942715198,0.08894293268036715,0.26117465322152117,0.3692209784451335,0.3157161474653317,0.2570907489932268,0.36200525922615334,0.0,0.15,0.15
45,0.3709725455811349,0.23866668803466715,0.43584693789875917,0.9729784497484228,0.7767695430638286,0.3910501941209087,0.5425232150626146,0.9030460467037302,0.8358205469570069,0.6337891564729964,0.5465796702955914,0.0,0.15,0.15
46,0.42673923140719033,0.798576949009855,0.6862581329027286,0.4970673043447363,0.614224553047797,0.5765041626728796,0.5406087364137127,0.4962827187386005,0.308007157404011,0.18507387066648057,0.24576693121271398,0.0,0.15,0.15
47,0.4321697806196014,0.7250238284191894,0.5449176961832252,0.2725905710584351,0.32878661026224115,0.018962334773083043,0.15501887743672316,0.6520069454227714,0.6058242028897307,0.16640829287907696,0.17186497254025412,0.0,0.15,0.15
48,0.33319095463569515,0.9466274214355299,0.757612224999415,0.9536718208078789,0.9060750999990923,0.9174944591353645,0.7695794196895015,0.37170811038836266,0.5124520127136031,0.0,0.2879880735406216,0.0,0.15,0.15
49,0.4992042349536523,0.9342870883542468,0.7577702263718784,0.42173782867961346,0.4383147261486937,0.9697491853120382,0.5629891450818053,0.9759154839500391,0.8553542716463252,0.8621851850937341,0.7697572008898641,0.0,0.15,0.15
50,0.38250402433045916,0.2899585183061432,0.311843340728361,0.3781441546524161,0.26661523980920004,0.8531954261598511,0.5457885862097636,0.3175074321325192,0.4722854130801569,0.15856631751024677,0.2991806232471353,0.0,0.15,0.15
51,0.32442548405071553,0.5566397234869258,0.53141006797131,0.9356887678545922,0.8254498809246787,0.6966980296882425,0.5589980682321966,0.5752303130689415,0.6363565026793453,0.0841232507491028,0.20342199402719013,0.0,0.15,0.15
52,0.4536509843570404,0.6158060907259544,0.5088791507905869,0.990222394982773,0.8084617390372808,0.13576823554995385,0.12044970219478432,0.5225620671774506,0.46388230540319547,0.8872653331047585,0.7871057330257518,0.0,0.15,0.15
53,0.3101532018208963,0.7436425546468638,0.5328744562458299,0.6937343625487119,0.7908174033667054,0.703210179207461,0.46247188000265294,0.3608473987685898,0.3664224337926898,0.28631515727444035,0.339184441931727,0.0,0.15,0.15
54,0.40281811573691284,0.8133668746506081,0.7818474000835391,0.8081635093774607,0.7517198911468305,0.8692739351171802,0.7878346222755668,0.9246238142712694,0.6108246473314679,0.5104697341450058,0.5532080891583286,0.0,0.15,0.15
55,0.3990881003355797,0.5004425493895708,0.5161652234004425,0.7962061583895415,0.7297357109285627,0.6502191867196613,0.6400638389947201,0.7095245020869317,0.5692637873578424,0.8032856590443066,0.8551482269518518,0.0,0.15,0.15
56,0.5085895565831579,0.8953416964212415,0.9258078533197076,0.33048704662875367,0.3376884296012324,0.37337840346182466,0.2835223725160601,0.09053048084002006,0.3604831979692475,0.5793761086559798,0.7308077284587006,0.0,0.15,0.15
57,0.4474698232879953,0.02718652045434554,0.05435705865159097,0.45959217015405546,0.42542416478306694,0.5419377811193532,0.4179521835022473,0.2865765597901773,0.18896882141161236,0.5922984142338907,0.48395847515414403,0.0,0.15,0.15
58,0.3974973041254856,0.02165470277401936,0.0,0.026300576476612898,0.06838350751847529,0.8244034911851489,0.6402461962254524,0.3615595549748007,0.41294582335324415,0.11488615566984178,0.43385325647759243,0.0,0.15,0.15
59,0.48177662992002873,0.5215115113195976,0.33121952039495745,0.7675713388643585,0.8133392752740609,0.2121842245082824,0.197381517077934,0.6290162251545391,0.5652328129762992,0.0719463314057176,0.3172828196374925,0.0,0.15,0.15
60,0.5390207549017314,0.04318566994854954,0.0017493957554083326,0.5261229329833457,0.5670738802761073,0.5399102528859964,0.46554054223780295,0.6438189234023449,0.6346226893847985,0.7315344139413269,0.6953831050118201,0.0,0.15,0.15
61,0.45578103063518627,0.9826049120044427,0.9999999932767739,0.5108914163758465,0.4377141160866626,0.32028013127557947,0.23746789999336518,0.8044317878647471,0.6227357577909203,0.2628862068928515,0.31253991038640905,0.0,0.15,0.15
62,0.4010352619843381,0.4368656800570502,0.31325834692747684,0.06789273381032318,0.3255638475529795,0.020006388456005865,0.2431584983788517,0.9749263289778202,0.7453113932881669,0.8446550190818305,0.6524904244724176,0.0,0.15,0.15
63,0.26881637676498404,0.6981090316629237,0.6028487507598664,0.40228021675368103,0.36822484508369147,0.16927626830413053,0.260280757467898,0.15411648909298536,0.2673547261352895,0.24169132295716023,0.20109750727133957,0.0,0.15,0.15
64,0.29348863369246275,0.5489401442746971,0.6175426787089193,0.7115215148728112,0.8664151443989911,0.6605443747435334,0.4637756064269941,0.2798495619610844,0.28895519450582097,0.9670365800345544,0.8441008135244443,0.0,0.15,0.15
65,0.3694775295645333,0.7407234702945944,0.6166070579485852,0.5493931249843846,0.6160866059799295,0.6116331548630562,0.7166405623645222,0.422044731747788,0.4094487254369485,0.2391055393083703,0.2727005714365733,0.0,0.15,0.15
66,0.3390487797840717,0.3524974522161882,0.1793010574042191,0.7552808849821558,0.6055743357182721,0.008950902693776231,0.07664022698902984,0.11302118874396196,0.4131959183887978,0.03144438108148459,0.16992036421799836,0.0,0.15,0.15
67,0.38130286970145544,0.03205202707450083,0.1362272805672008,0.854044568951208,0.7605791504382999,0.7043944774097218,0.6909525833430433,0.47760669257974897,0.7431298080737732,0.08480025954723704,0.2023371948862502,0.0,0.15,0.15
68,0.4056649924897107,0.49037877211586633,0.36423725919161093,0.46755862010695554,0.6009507881664837,0.1691829893344645,0.2655673236313869,0.43655437908587097,0.6406291110905564,0.39431352512974704,0.512038151140025,0.0,0.15,0.15
69,0.4529692754356731,0.6166628695227679,0.4614724989786562,0.6310832666828319,0.66793818573262,0.04013853436568023,0.2229988711354439,0.3762426739887782,0.48710258613853874,0.6283551998426355,0.6523435447954601,0.0,0.15,0.15
70,0.3929501221940909,0.5020892428143894,0.5359042206696522,0.8550859435229271,0.8987529752306641,0.6590271486814592,0.6807648108012818,0.16073152485494577,0.320624010291182,0.056732973189644494,0.22170577774082326,0.0,0.15,0.15
71,0.44865016438262023,0.643670443243794,0.5326383656917897,0.01533611623195028,0.28916972623827314,0.5854553934224711,0.38954935271734187,0.9521022187789348,0.8323711532887228,0.5764876224378399,0.5275773848038242,0.0,0.15,0.15
72,0.40644744148101203,0.3852259568941416,0.3492739005063033,0.6393743085007746,0.7537078956711682,0.45678947117516383,0.410767437971511,0.5503433058083284,0.521799005335585,0.9532420015950686,0.6673684690615809,0.0,0.15,0.15
73,0.20245334336461288,0.38312455806673973,0.42346661016313236,0.9610193026448453,0.9154908169002338,0.9078954208233602,0.9381938846253608,0.19418318521258227,0.23898177378195692,0.055490015781494255,0.2603508086570903,0.0,0.15,0.15
74,0.3060664606181246,0.09309204265095515,0.17929597729798605,0.00694903964173382,0.3260270025052586,0.08971801240082942,0.12568514145217868,0.6902210782720621,0.6430909567359662,0.05737110547830118,0.30122606369334665,0.0,0.15,0.15
75,0.3855912444278385,0.3148899496444012,0.3193824852965693,0.8433346760078982,0.7029159211356206,0.01790894441969749,0.10766723182183897,0.8240632296030854,0.8216898984908085,0.27423290173046555,0.27163615860501034,0.0,0.15,0.15
76,0.27903052571588927,0.11076575289877605,0.17872244571519455,0.6934525072603155,0.5639454081001782,0.6290096502627314,0.6395612522223915,0.8882075966228259,0.5817534393272589,0.7407782164079041,0.6146574682456917,0.0,0.15,0.15
77,0.4599928729996205,0.8073896253793736,0.6652045072956886,0.2738676411270127,0.5197743468719763,0.17345865363613433,0.1868097341994187,0.7590532675814927,0.5990634604732207,0.8146524750570912,0.9105066518838612,0.0,0.15,0.15
78,0.5530750832343698,0.9974997512295262,0.5986752622296267,0.4059880939672723,0.18011351337117934,0.36978157784776117,0.377818384840587,0.7853186176086334,0.6228744105921409,0.33491534457252714,0.31058277424194636,0.0,0.15,0.15
79,0.5218761851697317,0.9367660911520893,0.7856581780869595,0.8570314925106983,0.7929199594463887,0.42726830452075903,0.3078202239524807,0.7593142249753858,0.5199701326967407,0.7608227112914027,0.7734646615041657,0.0,0.15,0.15
80,0.3786557129069792,0.09547661710744552,0.22309539667499412,0.9016913072311014,0.7858209013146564,0.5042103000016077,0.6244949028544294,0.8362693035734355,0.5956932185501329,0.3135510340502529,0.24558073908977218,0.0,0.15,0.15
81,0.5490726136849953,0.9009506286650348,0.614465197678108,0.38229642038882283,0.4123297685887631,0.005363187727986341,0.1043762496019168,0.9166229390109172,0.7413771843546345,0.07806021482948049,0.2882034719835015,0.0,0.15,0.15
82,0.4148667457202112,0.31523353408809385,0.16811471949329507,0.949759689446263,0.9997719798162363,0.9535576470156413,0.7243511590975654,0.5786681750056439,0.6582831354810864,0.6345082879957736,0.6394402334477204,0.0,0.15,0.15
83,0.36629140288819606,0.44649610474755363,0.4348850842010076,0.28517541709942473,0.41264292560978766,0.3260393761502432,0.34841744039655154,0.6795428437855927,0.6755343584058336,0.7585905958427915,0.8186730621206432,0.0,0.15,0.15
84,0.33865973364590607,0.7952913566523031,0.6381685846104208,0.7874269678948874,0.795948068587448,0.08645213650430196,0.12403488920453164,0.49821978113817944,0.6384406930055468,0.04334036336365112,0.16124065361520232,0.0,0.15,0.15
85,0.3697530313511872,0.5492473485068259,0.6444428126498688,0.4352413076973904,0.4516639824632837,0.8900907624276073,0.533074216780963,0.35211596771828957,0.3948731826444057,0.10459875171001089,0.1995368987581958,0.0,0.15,0.15
86,0.36118231814587715,0.13600225238511107,0.26996068764150644,0.7589885484647277,0.6173596729479488,0.6181887199107421,0.45270149563587303,0.09780051796394926,0.0,0.07066918487202944,0.2014132519401329,0.0,0.15,0.15
87,0.4170416222375488,0.7031863736906131,0.3012156875867144,0.062132331007115925,0.0,0.823656351275989,0.7266301955974374,0.713877267859938,0.7147072471902564,0.06783004614254974,0.2892217235327456,0.0,0.15,0.15
88,0.4160573981049865,0.07688873936186422,0.040447238834876616,0.9867679273271054,0.8539800437481124,0.3720544831888513,0.33090459642705794,0.3722003112102247,0.2679945097013094,0.8207927280485728,0.8758299317202078,0.0,0.15,0.15
89,0.40030460201534146,0.9535294498867237,0.8145487477065362,0.986121895446725,0.8334295516103374,0.7545605423227224,0.5986885355060912,0.3779194674095992,0.42133393408041747,0.07004527042591166,0.03876353252680409,0.0,0.15,0.15
90,0.443693816974635,0.7806210976075678,0.5817261951170795,0.5534910049826032,0.4637289287712887,0.42245350560410755,0.2566702722623197,0.917612955571004,0.7376975254478494,0.0985565951705691,0.448751567297263,0.0,0.15,0.15
91,0.5190646274786341,0.49140465365081964,0.4839800765851461,0.0,0.07194263491374867,0.4672905273981215,0.459721842368595,0.05216955048193665,0.32828598411437726,0.10640114534161277,0.36459205988665166,0.0,0.15,0.15
92,0.4949554135441324,0.1101166354199518,0.17056752823219248,0.6453661125759066,0.5349555143042283,0.7471614937848341,0.6669470336148136,0.5887788752783908,0.586081795801963,0.9745587538695106,0.9110642468331439,0.0,0.15,0.15
93,0.25151020315500966,0.37170716994270186,0.40421365576491636,0.27758845002660176,0.4626986812812572,0.8708144324614515,0.6176254087191617,0.22249136245893494,0.436054798661746,0.975639624966043,0.8405353825170849,0.0,0.15,0.15
94,0.14460788650980455,0.0030062207870207892,0.3120508479477384,0.9698098520225281,0.767242408044613,0.037975214866255665,0.2900597434617444,0.9021262461631945,0.7794517232928777,0.5273095524201419,0.47010572366043724,0.0,0.15,0.15
95,0.4934319911239274,0.9999999898349992,0.701890494007009,0.06317805741047065,0.14719751427151345,0.5532479244912576,0.5029286247021744,0.9817009393764601,0.8695102949137983,0.5225709059380915,0.4750402666714536,0.0,0.15,0.15
96,0.2633121301584579,0.630434961585183,0.5058639092118896,0.6924523935967154,0.8926180726114125,0.4530443692090882,0.5761041339998968,0.6337683480375438,0.6215984192218145,0.5855877439530589,0.5773701071703122,0.0,0.15,0.15
97,0.37752345981073165,0.9066783850069136,0.7037835378644347,0.034494107682362184,0.2344535680404537,0.27791038125569906,0.15442400392539538,0.9624678182245086,0.7710321964035519,0.9005351596315977,0.6024929507466816,0.0,0.15,0.15
98,0.28298869739406407,0.4538263214317127,0.4336731194487446,0.6159460778707726,0.6634247326608916,0.27429626222098624,0.21090167003749954,0.18637432611674562,0.4393541843180368,0.4614245350750513,0.36977396683476627,0.0,0.15,0.15
99,0.21980195624199805,0.3498337639490997,0.16857948031116937,0.5790401560351978,0.587453120378797,0.07285989972624396,0.2388881526716168,0.9868854197109399,0.9999999930224484,0.999303910841589,0.7884967353266042,0.0,0.15,0.15
100,0.4541462728204788,0.7003326336421867,0.6682889751607272,0.5309204919709014,0.5218010415238099,0.3067308859166778,0.2672684870611257,0.8233775719957557,0.8004512960004588,0.6889578545232864,0.7055075354926829,0.0,0.15,0.15
101,0.4759155160302647,0.15595132796949704,0.028543898058026946,0.9101641750084706,0.974624201195039,0.8243396058098479,0.7948302499199568,0.9618451734253355,0.7303534749042555,0.7311516532607187,0.7060265362520528,0.0,0.15,0.15
102,0.34234895992732806,0.6141877913294829,0.549724693580758,0.41167968042728076,0.46930263540751466,0.9355187025390121,0.660712672841327,0.8765929000546199,0.6668906435975926,0.030637352629423065,0.21964062455436578,0.0,0.15,0.15
103,0.14089577078550902,0.017453227961616163,0.2265332464968344,0.36940814101030073,0.4711884360976278,0.8122482587849308,0.5951270124877809,0.999999989818925,0.9092584633586555,0.13892944290169165,0.0,0.0,0.15,0.15
104,0.3453755551747517,0.5945851152960487,0.6057293441374721,0.37388775538357105,0.2098507277934319,0.9730379859649123,0.7071848845663271,0.8522143503463305,0.601200181318539,0.847072674909767,0.6068246537129436,0.0,0.15,0.15
105,0.43918040054025465,0.46707783018425125,0.5226653578332126,0.4082158413765555,0.3823592697759558,0.27028652355972577,0.29881062708609984,0.05224307919181746,0.1702220845973457,0.8742425817233299,0.8048851927595415,0.0,0.15,0.15
106,0.25210884312258713,0.8169651361664609,0.6398946647978229,0.9999999898822705,0.7204969921368433,0.9999999899103507,0.8743257062254413,0.5603359456364041,0.4695907375947474,0.7756920649122256,0.5349103917706538,0.0,0.15,0.15
107,0.4183359919779156,0.9510056352058025,0.6753600719779072,0.8481629371768385,0.9321052169083871,0.24399393663710459,0.33568675837543954,0.4535491242555295,0.41226845358062475,0.11704678668437413,0.24128632737001357,0.0,0.15,0.15
108,0.39846901508270044,0.9604441407207432,0.6928194352748791,0.6018237881003193,0.8187710108066225,0.22512094880382633,0.2714571815221722,0.6787102643184808,0.6517123668386546,0.6203961367817052,0.7006968286515094,0.0,0.15,0.15
109,0.45792914996010886,0.3547236274201987,0.3512255116975744,0.10340718950619229,0.18371150265699254,0.6720221769911489,0.5172257268346517,0.5245759332203057,0.4912349610939124,0.7791210051583914,0.692182583811549,0.0,0.15,0.15
110,0.41195803684141535,0.5193974361902879,0.5116368996018621,0.8507268807668205,0.766077003216657,0.5512830201588067,0.5352848917330015,0.5659419162485289,0.5185884090608883,0.8865247043150878,0.7719880979414434,0.0,0.15,0.15
111,0.30269310591184445,0.4007915616171957,0.14605006546927332,0.12410567250813573,0.3350562777280274,0.023469088377793473,0.12816774603793543,0.7636576628305556,0.772023883571226,0.6226415998149708,0.30128222092700674,0.0,0.15,0.15
112,0.5196571501664492,0.7063483360804823,0.7786292835168038,0.20398406749364426,0.27108115775048847,0.1320224132575736,0.28646734932265105,0.009654796672339873,0.03247616831401012,0.3449871101440813,0.48376297027442033,0.0,0.15,0.15
113,0.38414704269730304,0.5903025714962351,0.3709183698533256,0.3853746043848016,0.3475746287948456,0.4358252297610246,0.5845816647688242,0.9153775065148252,0.7460504174528277,0.34258643177209286,0.44188562820738797,0.0,0.15,0.15
114,0.3972695460490068,0.5131215525542119,0.5224904547339689,0.7813916106571324,0.7668141413193439,0.3945261364617944,0.3632745360147721,0.6281978952014229,0.6099790038150196,0.8718145460368859,0.9999999934846202,0.0,0.15,0.15
115,0.3066732040926804,0.9558389851031245,0.7175850969118912,0.13731765915423827,0.2618272355977976,0.9293227920082234,0.8314061903939624,0.4958740496376482,0.6002538264608976,0.24992813612498962,0.4822201345189191,0.0,0.15,0.15
116,0.355671774880849,0.45736272871546957,0.4612418845612426,0.9800831401857192,0.7221599396932435,0.49146275617727064,0.5923793545082905,0.32955124177203865,0.24007918196621028,0.6361179167035896,0.6363664802391634,0.0,0.15,0.15
117,0.3115197285973099,0.23475923672484678,0.16727017004622835,0.06526915268783685,0.17841817515850059,0.12446349656535957,0.19605447842666637,0.12521119181833346,0.2604924488932428,0.14045894261234673,0.3348292273537707,0.0,0.15,0.15
118,0.38270539400765774,0.1317690282482506,0.3485959881330998,0.6369324211545334,0.6563233339307246,0.17793900337288446,0.17040833941842345,0.3467732152626296,0.4826054632954771,0.9072516742524808,0.8985049243810743,0.0,0.15,0.15
119,0.5711708480142343,0.4724332409951753,0.27460903170218054,0.6639295524522313,0.6927320407316506,0.16829308357307038,0.2670594209470515,0.1906176546865615,0.23765488095393755,0.026159364136527547,0.35985236721248237,0.0,0.15,0.15
120,0.26280988570686437,0.16237370123631273,0.18304245387900245,0.27038285879467505,0.35035175126814255,0.17302574764653458,0.17478070828236322,0.08515547794027788,0.19961122078304502,0.108272566045962,0.15947457773923027,0.0,0.15,0.15
121,0.2386438602123259,0.45903285033405733,0.24336706974284056,0.19727556450819017,0.4671406052532014,0.3619638908428508,0.2317532517664066,0.5073796598043858,0.3788933092551901,0.6947880781637901,0.42277991455131864,0.0,0.15,0.15
122,0.5471170327493609,0.030611989554072676,0.04439250440171137,0.79733450776164,0.5676922732872214,0.6279578474214715,0.6876855768465021,0.0780862467122086,0.3034615449879675,0.8833592909484483,0.6917082884998762,0.0,0.15,0.15
123,0.37906763228481344,0.9267180640374492,0.9416661197784305,0.05030971701678653,0.2886915939963321,0.2737882132346149,0.2278578688172971,0.815646328479146,0.4252986823674255,0.7543547397791682,0.9141752239105713,0.0,0.15,0.15
124,0.33309272613400837,0.1782168270278183,0.06295015067453907,0.20032667200845633,0.09389970104148188,0.36822173522340756,0.4404105226357244,0.48814324596930586,0.7408200195827858,0.6205263891204301,0.7369158307897429,0.0,0.15,0.15
125,0.5039904687396077,0.36565194000995915,0.39270183726617003,0.45649280405014164,0.5407795876845427,0.7486003371651608,0.684903565230433,0.032194207333130956,0.24458123802469875,0.243949895817721,0.38596493283100364,0.0,0.15,0.15
126,0.3394384460263136,0.7157711065899864,0.5758481267277675,0.8942587533278077,0.7846269226783589,0.5106929699424845,0.3447435863535635,0.5365954907556637,0.47661548899728085,0.09441273550121083,0.08979085243672674,0.0,0.15,0.15
127,0.5826009713546937,0.44544590245119214,0.37571681740597807,0.5274004328089843,0.4091229461673335,0.2390726112233328,0.11874219251253795,0.2689653147902001,0.34354819354933924,0.37246885893409143,0.580703378595251,0.0,0.15,0.15
128,0.4677925871339269,0.011053570429937485,0.19550057062472836,0.3143836771736982,0.1859605594502828,0.2077720002035162,0.10955742003368955,0.32827427219078964,0.4673782776392437,0.10737313017876486,0.17052117802534428,0.0,0.15,0.15
129,0.35120885918542977,0.8958722473769317,0.6603291945832039,0.5890934778032262,0.6325362739469857,0.6796187985770953,0.43810248490667164,0.7983079159185663,0.6981838902441022,0.4971901406090195,0.38135929866459467,0.0,0.15,0.15
130,0.6157308213265504,0.07900567599929709,0.08036071356455515,0.5319425601917782,0.5640703795769356,0.5865304826278038,0.30547322842114183,0.7537842788175677,0.704304587597111,0.4284434166988733,0.4720254905324233,0.0,0.15,0.15
131,0.33942850769966615,0.12033658415525218,0.22924507951832473,0.2756294749853426,0.3655835919385827,0.3607656797644019,0.4725876128652882,0.6524599476939718,0.6003976666377849,0.5716536440643001,0.5208360180426922,0.0,0.15,0.15
132,0.47420953720093073,0.35262354625211983,0.3375652311568513,0.9866421338913365,0.9223799694340045,0.6056339231921041,0.4981274034078083,0.2363691380840752,0.3059793000269748,0.08886469098115267,0.18744080099163682,0.0,0.15,0.15
133,0.4299292580406492,0.14603252333710473,0.11821095995071416,0.2373660660182423,0.1491144654843798,0.15655024736009457,0.3735263249916261,0.18479204894135404,0.13020800225688406,0.2775685953156228,0.30780356906960293,0.0,0.15,0.15
134,0.5301741289398798,0.1668854695904545,0.126156236679276,0.8958356894348333,0.8967461297218556,0.0753814127470248,0.09395206754348254,0.5288557401556198,0.6384054684329749,0.4065553629889901,0.3914242718534628,0.0,0.15,0.15
135,0.5561511196726853,0.9892391378328459,0.7751351826857058,0.10187062001115808,0.11580041008644085,0.39585072249083797,0.5822047056043036,0.9818718772385953,0.6826340623571172,0.8750504107715223,0.7883260300809138,0.0,0.15,0.15
136,0.4032004149065767,0.8212050208344749,0.7013687760175424,0.24945179374092852,0.3684522053134778,0.16684795944335856,0.16917446338111436,0.6755974368161775,0.588371989584327,0.9407976509558954,0.8027837997085395,0.0,0.15,0.15
137,0.32465821296538167,0.5566007209436479,0.44410953905527817,0.5668549470316184,0.664237160440451,0.2769174629767068,0.5071233359902373,0.7782732856986847,0.6119852078744782,0.17663349261083927,0.17481907913273845,0.0,0.15,0.15
138,0.44599721429391165,0.31967116562648046,0.2935877044461947,0.4189577703268069,0.7433755375171206,0.5065894455892392,0.3364734878566452,0.24164592883231695,0.4843546660311016,0.10230297030462916,0.43887414544868747,0.0,0.15,0.15
139,0.3322284630247894,0.6113465175823367,0.43748899729788454,0.280541275953746,0.4091642736677078,0.5808773564770626,0.6536472829692304,0.15200460082444528,0.20227458684830563,0.4793791905710856,0.48548640545031857,0.0,0.15,0.15
140,0.6013387247526624,0.5320283964781398,0.38206796301888807,0.04094634211465361,0.05047022057188418,0.3340502880901785,0.23406062082582288,0.1316953534974103,0.09599651319511777,0.049327627994038434,0.23755816769672655,0.0,0.15,0.15
141,0.41365353310827374,0.9969458505672673,0.6697339223982168,0.314661590352284,0.3952619075174482,0.8115632877047088,0.46510791391730405,0.25409832253854425,0.3498657412115704,0.6856344557884415,0.7219022742397584,0.0,0.15,0.15
