step,div_protein,true_label_1,pred_label_1,true_label_2,pred_label_2,true_label_3,pred_label_3,true_label_4,pred_label_4,true_label_5,pred_label_5,true_label_6,pred_label_6,true_label_7,pred_label_7,true_label_8,pred_label_8,true_label_9,pred_label_9,true_label_10,pred_label_10,phase_dna,phase_rna,phase_protein
0,0.3364118390274265,0.7080289787185493,0.7302313297656559,0.28738766126652937,0.4209854035633095,0.223797743058839,0.3055600179331537,0.55195861491892,0.5645919002431596,0.7202250435851512,0.7251686817789074,0.4223446603367688,0.4416743190481999,0.9848055041431598,0.6960485765591284,0.6872483438069281,0.6666671084159099,0.481968016376326,0.4756915135046131,0.3887434335446489,0.3450963400289383,0.0,0.15,0.15
1,0.5667025786843934,0.3470432108183471,0.494177469465819,0.7324170900359543,0.6678492248502482,0.4382875053385308,0.5242057684921518,0.05670738708242325,0.37749452741958406,0.3984259249814671,0.41382407916658626,0.7395357991074247,0.526286914563658,0.17712793917015485,0.26960803041614684,0.17505300496325849,0.1589550748391493,0.5329816725893989,0.5149553399479221,0.5294138046410661,0.5655034423352345,0.0,0.15,0.15
2,0.2511858650784393,0.6446089203070375,0.7105743910513479,0.853375131684469,0.8064155203773826,0.727909481455097,0.6458032203021618,0.6121063158807669,0.7313643166407073,0.723202921045785,0.7615470824640715,0.32146492260706494,0.3574994199569537,0.35853730720562016,0.43306305900841263,0.22815657859139712,0.325727353332835,0.2932922587677716,0.31518976260235426,0.6292438424393678,0.5005245803442173,0.0,0.15,0.15
3,0.46817968576953345,0.09050182215277702,0.3314778170469826,0.4356554925027586,0.44026048003388535,0.43047719623593733,0.5049734518409335,0.49390526877094504,0.5045386274546468,0.42624432586738875,0.4764072767205145,0.31068901954663,0.14145533018216858,0.42386062363921556,0.38882948145867985,0.896961305105725,0.7992532957559235,0.9488033821753924,0.6939204978676713,0.4992167498194561,0.6251566670820319,0.0,0.15,0.15
4,0.41314266306188424,0.6339333584216286,0.5158232390415791,0.1160508825700224,0.18635252929453427,0.31541450455145553,0.4951647949734836,0.4144666380380251,0.5111624126503893,0.8672362750816895,0.7972178826845292,0.24843129147875817,0.22912401346865258,0.4812114089495258,0.5505394404083822,0.9896417209211665,0.8125404072758506,0.5208214556934179,0.45000773332679034,0.6110379598317115,0.581937132417789,0.0,0.15,0.15
5,0.3698182545845784,0.11964678823255886,0.21047359921113973,0.8301736617750229,0.7678692709301471,0.6049266289387398,0.5740381206863936,0.5456659281230244,0.5044269487361924,0.3430811113041613,0.47228601653289615,0.30248906985259116,0.43113393703207126,0.4144216140361189,0.4366720302143267,0.6836998523578991,0.6287135155523965,0.8795652005264675,0.7265140981374605,0.5078614252675188,0.493069192263895,0.0,0.15,0.15
6,0.33953983980448116,0.680282137809982,0.6130747558191019,0.5886192259448668,0.5497037194892246,0.62705567920503,0.635846791163269,0.6762399046632727,0.7123224634481928,0.8432416377384991,0.573362069812491,0.07994805250765093,0.16580028125769197,0.7651665352209643,0.7266051363974911,0.24364491663729068,0.3995320359216732,0.19302641616994923,0.16245336142924632,0.5703224424773479,0.4630470165170185,0.0,0.15,0.15
7,0.42449820461401894,0.0941879709901423,0.309015345712458,0.8894418997456287,0.6833785053524732,0.6294318241767882,0.7440481792366904,0.7253254392766889,0.8823200305994237,0.01606601143002989,0.13400354067579248,0.5949226616057602,0.6281512006924748,0.5558312567343267,0.45577797592751756,0.15846967551684876,0.21902116544365927,0.15155350847364124,0.2501300140685279,0.6942409575109646,0.6206191533222969,0.0,0.15,0.15
8,0.3689204933345641,0.32209994237430845,0.38280968038920354,0.6951602757847322,0.6657903073670186,0.5556131341024182,0.5977382510508231,0.3884007708825939,0.437877435676037,0.9261281258105111,0.8707400815923663,0.8439683684208112,0.767104484619905,0.3540944832771757,0.3445917603340773,0.042463396758619015,0.20628780972198424,0.30443236568752896,0.4264139377100018,0.39485330701052945,0.4949167286625589,0.0,0.15,0.15
9,0.36006796013010534,0.7167035260372326,0.5973057977437186,0.999999989952156,0.950533412858131,0.35454909934234335,0.4501633581784819,0.764744576684333,0.7026050911557006,0.5937858819829896,0.5095023875944429,0.692903733621912,0.5375535237122926,0.14539413300122217,0.24010526317131253,0.3997132968575376,0.4664109921822402,0.2400224932312303,0.22718470456862805,0.33974745279633445,0.28253282498599164,0.0,0.15,0.15
10,0.3792460249177793,0.5206948228416005,0.45799590899106546,0.6696932664646159,0.6539039531148563,0.10127303290692857,0.2781753232040633,0.12844800589719543,0.20481786342294486,0.3222736751362604,0.3935268740092282,0.6625459327668959,0.4671742759901937,0.848965728679179,0.7169939553280505,0.554948226522059,0.6051606555134239,0.8583972811895272,0.6386490538944983,0.38141368929839803,0.3144065169874935,0.0,0.15,0.15
11,0.5111622487215937,0.32007832120949326,0.5071587776036826,0.3558389401646336,0.30078471867590373,0.1672987407256636,0.18150409037994417,0.831798760445398,0.8205054205661345,0.33898335582188466,0.5317888485800116,0.5525533382506588,0.5078116549639358,0.5778539786418184,0.6245132347494582,0.5230484749231427,0.6251475338447607,0.0,0.07590135170954825,0.9890695285992832,0.7967346784940448,0.0,0.15,0.15
12,0.421284143528389,0.9214505602382248,0.8087847255119855,0.20850859621050544,0.12005259234670514,0.2902941423836945,0.43275316136934183,0.5204238574909246,0.5669264113898924,0.9028799602758938,0.9629273185323929,0.9869671505419687,0.969012582984039,0.2530625018775451,0.303596959259228,0.5661113278544673,0.47933308811785175,0.810543712021844,0.7172566036262685,0.39101145218899064,0.3195924348463553,0.0,0.15,0.15
13,0.4068951924518244,0.7433864926727191,0.7646585769643462,0.1617189554475448,0.13712569076682313,0.6025341829055769,0.5287735992842008,0.8688207717752109,0.7970206798449267,0.9845852586163066,0.9999999914366285,0.0760908587995702,0.15476976286763325,0.4258801074962556,0.5462002244284184,0.20430501050039584,0.2145002692129601,0.4514366890460064,0.32455613629824975,0.5454593267439353,0.4756086832382916,0.0,0.15,0.15
14,0.538257879177441,0.09175020244958688,0.3829219253236964,0.2981603973588624,0.36677282704977715,0.9336949998421696,0.7774524091212967,0.5697776207993857,0.584670188667993,0.45786282031679165,0.4907608328864051,0.7551799302577866,0.6501460820277684,0.7430887583324706,0.7293474702326669,0.04747855191884617,0.17637491594269555,0.7115071653413471,0.5856951689584206,0.8389425986596613,0.7951861393521044,0.0,0.15,0.15
15,0.3731851547102672,0.1659428305494108,0.13719881865835123,0.7846138612913982,0.6439251917874761,0.28426349321695515,0.27783194076947026,0.3053135777567311,0.33866788911339074,0.6659543967907942,0.5906084508635154,0.10835138897903086,0.1963377728636201,0.6651919769997934,0.7077651576380544,0.891398335267428,0.8614265861030564,0.6990245849085766,0.5212909643949573,0.43728516765234304,0.39275675133092586,0.0,0.15,0.15
16,0.5432837566672641,0.4441494487589607,0.5306094209414206,0.7686359378996547,0.7283697701849319,0.5670191321709985,0.6690083584625758,0.08211910902211082,0.18888119357445626,0.5832678158104647,0.5927250790597473,0.8169459439512506,0.7157829120500949,0.33352376184006965,0.4187332427837901,0.9313378112775017,0.750922388136185,0.753853985226415,0.5711023739099866,0.5719403549986009,0.4488238459313168,0.0,0.15,0.15
17,0.33241877040927276,0.7644054761308303,0.707452806263432,0.0794069642007581,0.25337676082816935,0.8646079510971547,0.8966959701699019,0.8241343037549379,0.7595763022742231,0.9108495195816746,0.874286412306513,0.1257164515933921,0.042745379477410424,0.07522973004882787,0.20912951513602646,0.13781197542797183,0.2637644373872526,0.3997797541432188,0.4511804584294648,0.42115403103991494,0.41226593379126875,0.0,0.15,0.15
18,0.4531148913359456,0.5708542209006606,0.6307063602996713,0.12270773445209365,0.18804712371350998,0.19801291982778632,0.29343005990608306,0.8142020530339368,0.6692216787147085,0.4684507155657878,0.4473528402276238,0.8099899636001421,0.857492101175092,0.0,0.22471672496873318,0.5532744007442736,0.587506149011141,0.9364802912019833,0.7896388663826176,0.5801077446031176,0.5563120264493285,0.0,0.15,0.15
19,0.36768967105741995,0.206975302154326,0.23034318651857338,0.7210709188956912,0.5399311191155866,0.3779218150953457,0.38654862308093785,0.6698884478504424,0.7004041271253846,0.02927189229666537,0.11487903978154233,0.6366943228471298,0.6790926559428423,0.025063410241611083,0.21013724311343457,0.7475308473280275,0.6965485979861298,0.47388667237398224,0.5230039928469072,0.11652191988080078,0.24143953060837042,0.0,0.15,0.15
20,0.3931503723550128,0.5508452667458006,0.5728374410779938,0.06697324215912384,0.026876752145491355,0.655889277898958,0.5678244964085883,0.9999999899264832,0.8907318927703746,0.7702115687780379,0.709571817378712,0.5741138642643829,0.6788811818963525,0.09633061390625794,0.12194744836901523,0.702335668589185,0.6562518439537219,0.6636075153786666,0.4900159386192785,0.04336528297697567,0.11224742829178726,0.0,0.15,0.15
21,0.33567607642413877,0.8059462523244538,0.8152734808412821,0.5210776577032169,0.46693385314364644,0.4254167995476348,0.49551556336012953,0.7905724287857242,0.7362176337260514,0.4119666471060617,0.41857470764032084,0.48068793486023653,0.4335343459320819,0.17625488500790948,0.33605088140383305,0.3217269357079477,0.39525265365239454,0.8494083323851133,0.8357202375869425,0.1821191200383261,0.30091207221984784,0.0,0.15,0.15
22,0.37046132887067384,0.4227704202282847,0.5214574955344224,0.9936457589470049,0.7227179675278977,0.2336735942179646,0.18549838296148083,0.9201633457495614,0.9134179851050802,0.9193852588676918,0.8282096420280873,0.08810863640777238,0.15900114622427958,0.46160151989727466,0.44831237581810046,0.5036249105488662,0.5532639963178784,0.3134025552176338,0.36930088630460467,0.04159560871046126,0.014183830165106956,0.0,0.15,0.15
23,0.32994091239961904,0.24334035180673233,0.26985238766742203,0.09586601659742543,0.005570625341660777,0.23534526882966844,0.32049606093270144,0.8103204631034722,0.6475501659506468,0.8959387996577008,0.8171715043554432,0.0396837151711663,0.1416179639042726,0.2979904427131284,0.5166279968991567,0.9846366030000926,0.8905738382868323,0.5409970563814641,0.569900657899266,0.6245450031369468,0.5606096011735424,0.0,0.15,0.15
24,0.44028517995660926,0.0020570444067072543,0.164766735437948,0.4871087636481641,0.45407670804251943,0.9952337330583444,0.8798063297381359,0.3745345280689446,0.5308687404384131,0.09706920829624795,0.19483026417227986,0.4614306503457003,0.4783376124726868,0.9668365299025637,0.8026558149183101,0.3423520995248674,0.3763804837207957,0.8024351056864799,0.8364233852307348,0.7982679117182009,0.6677065549216613,0.0,0.15,0.15
25,0.31752318517881695,0.20917475390016912,0.4109789051190253,0.4453682700779782,0.3936514545186565,0.7189396348627136,0.7511883493558223,0.4101285520424679,0.49456897238744546,0.19114746240848998,0.21123762014364966,0.970712595860135,0.9280019070005064,0.6509035109378464,0.5185137267871692,0.8688775172136194,0.8212911878565219,0.02272992797317262,0.12869453804147468,0.26267108298570924,0.2889137877484291,0.0,0.15,0.15
26,0.45365577151566516,0.5093969489404803,0.6505700065836378,0.06765065966175635,0.11177885677209705,0.9999999898692159,0.9018338441166693,0.23479154916568215,0.3719736679669222,0.3746461849433221,0.4728299170416634,0.21172139828524633,0.2890580863061723,0.09917433484612022,0.22263773331019823,0.23239645497147463,0.25146078056559706,0.30024204909373675,0.3366563386789802,0.6327338111503307,0.4903020318466105,0.0,0.15,0.15
27,0.634706586550955,0.28375086705932523,0.30189295815024203,0.3638893584975818,0.3139496128499686,0.0,0.1187387843488732,0.3649985325893212,0.3855673932715136,0.5344258834441611,0.4446158227675949,0.1593451704837093,0.14626471945547928,0.5969580788503425,0.5732023739287171,0.2934047170302142,0.3968393763737875,0.6342634001063887,0.5530106716812728,0.020307350018572732,0.007560273746756972,0.0,0.15,0.15
28,0.24449587067838602,0.903315895276017,0.8812703717159113,0.016075072149937277,0.10010779872807167,0.12259787346404447,0.1768254312733614,0.7794666666357847,0.6861963300356725,0.045866709203921746,0.054635822463693265,0.7123417105720977,0.6174172006722692,0.9749729499268351,0.9999999929342571,0.8751350185360216,0.7235522969021217,0.7129828236697928,0.6297305607286051,0.9590287757420822,0.7417035775560651,0.0,0.15,0.15
29,0.16278786223613528,0.4355654294546089,0.44825167242076874,0.8769344321161745,0.7426571563064502,0.35459246138392353,0.45997896382626646,0.93318973259887,0.8802316403375092,0.14886897345725889,0.19765581177949926,0.943046501737053,0.8931928152864101,0.8350132291588995,0.8023834743261877,0.849365175261891,0.7076015941210565,0.12217902587763321,0.18839713102479977,0.5945175539920762,0.46674821319236975,0.0,0.15,0.15
30,0.3011804470368005,0.013140363559093527,0.21529656445741435,0.7245141178353669,0.7318974272011323,0.0018181418364612762,0.14711458130736904,0.08203662127798782,0.22150321444155302,0.2256790940622346,0.23070067912015335,0.877667495759416,0.7768494425616369,0.3603460314748422,0.47264576737035296,0.5415772693104628,0.49684734211478615,0.5698181489829272,0.5012081291353851,0.22094377229605996,0.1101079747391207,0.0,0.15,0.15
31,0.47432967991827535,0.5809988481335374,0.625255255892872,0.6639933706523556,0.5361394229102446,0.2961254019778469,0.24834109270875257,0.41829522619278553,0.5165676501586103,0.45353471170768445,0.48620477198060663,0.9353120109318884,0.8103905428975449,0.586901614276966,0.5581145689178636,0.9521279605896592,0.9999999927304045,0.5576557094406979,0.473190364412325,0.49793272927277626,0.4316209102079414,0.0,0.15,0.15
32,0.32888399982916294,0.0,0.19013692497840373,0.4830691289176395,0.474960969826,0.9335640679782675,0.9371783141993946,0.19641476731813592,0.33868933605506224,0.0520698285446879,0.18814255744734634,0.4058977207680823,0.4406892530808383,0.36927011158892364,0.4704675068880555,0.8605247789017757,0.7721258289907175,0.024109344521227857,0.08696738656869818,0.9204045901090108,0.7449068379461653,0.0,0.15,0.15
33,0.4577481087683868,0.6921237642380309,0.7414602234165028,0.9084314885402571,0.7170931390085247,0.6094540180064393,0.6578207944905958,0.8145132885906122,0.8376138744375478,0.3358527410653565,0.42928301749335784,0.3482667662421807,0.3484851614371416,0.38695378090435906,0.4733047805478465,0.7576026743537833,0.6464405281757664,0.369457920870434,0.40402935235041615,0.23781539451912498,0.17010815965808915,0.0,0.15,0.15
34,0.4949221249817066,0.9544814110456623,0.95106077138991,0.9122346874871441,0.8733835372039513,0.34733846348456954,0.42348649773746566,0.6358944820697822,0.6065782525497762,0.27407920742459874,0.37796028671276233,0.203766877681429,0.08820428355015017,0.3327883437259438,0.45394876230018866,0.3275399033399328,0.4031536734836123,0.8864375628513091,0.8251037561283134,0.8218866310871739,0.7050169335696795,0.0,0.15,0.15
35,0.3748921882603603,0.721469513637061,0.862190030187294,0.9638144316806369,0.7967617232864074,0.42204898136230995,0.49896547495931004,0.24342520011545438,0.2910873624423833,0.11745320304869808,0.17102803425272786,0.29939921264938946,0.37605562399581954,0.139461329389439,0.30863180053898936,0.09132680598555189,0.3642953928050382,0.6049183520579233,0.4982741426907659,0.3606213867749494,0.43659761544901854,0.0,0.15,0.15
36,0.48847682509983087,0.573257409984881,0.5785097627814607,0.1921304694916988,0.16525168793023004,0.6797381448790708,0.5312021140643907,0.21368053152923908,0.3431527328024531,0.2782654601018305,0.27607528782479196,0.7433283420345034,0.7545384984723581,0.5588187481826669,0.523135278884168,0.33531921408425697,0.3621043892273966,0.5445081466593163,0.5045203086650971,0.6926855131817106,0.7185813213643367,0.0,0.15,0.15
37,0.17304982266638602,0.9283890025426113,0.7976268025146432,0.5833708962809574,0.6354063758441638,0.22970897992922068,0.3658460495607104,0.7487778682535384,0.7043355773536019,0.7785930008172707,0.8025165741856216,0.19801128951087815,0.20871440120804108,0.8227281970424302,0.9043517579004174,0.46613722704688376,0.4821473848730564,0.7831298624410108,0.6705871641364025,0.23304121654940335,0.22291227757550514,0.0,0.15,0.15
38,0.48345327309752073,0.33621464796412664,0.2750409860784322,0.9581393029668511,0.8472726508068822,0.6603976812563036,0.6600872699625022,0.7751505363441258,0.8443773917514161,0.6890941971632489,0.7108658278435167,0.20194262628533677,0.219647834830248,0.46872044057305706,0.5001681647634068,0.8120690606093504,0.7629442926017378,0.677582762056649,0.5530882494441756,0.0,0.12080146430802778,0.0,0.15,0.15
39,0.4799303373259106,0.08570232100991904,0.3354917982227418,0.3483332456003109,0.32457525157127154,0.9506957720116793,0.9679965311867675,0.4913923124798155,0.5946991958602115,0.27040899301147114,0.3564744797527063,0.3592036381701813,0.37503109530339446,0.20562062269785605,0.3353006786255677,0.4221605334633973,0.44299718652152437,0.21702432763006468,0.36048800600853165,0.8454964990999015,0.6558313037891174,0.0,0.15,0.15
40,0.3900567138209857,0.46259892352556664,0.5991755231321598,0.281020024552738,0.42364280173142754,0.939071820285529,0.8396015945891323,0.3132531210340201,0.48582053499784944,0.9106923391398172,0.8717692119529532,0.03988034118573251,0.10488724639461866,0.7079322830184607,0.6580869471960411,0.48519624646039233,0.3910126268510555,0.444971301637674,0.44123095543061075,0.03050369562588613,0.19930817033303616,0.0,0.15,0.15
41,0.500353656264695,0.03796011910831792,0.11370141604832046,0.33422496432317006,0.4113046161078579,0.9534857902435219,0.8696350015428997,0.618791571473861,0.5488373417367477,0.3692225340147556,0.4789050213620914,0.6125960961108281,0.7132361459688729,0.20104626477655912,0.255232908775005,0.1646102507452549,0.28706411640263646,0.3619258111644776,0.22543466507454904,0.8632183233745999,0.718512792481345,0.0,0.15,0.15
42,0.5440962884579675,0.5168872352938115,0.5916106419813059,0.29820133285387856,0.45469655705943646,0.9566588380969577,0.9999999919035739,0.818555566462606,0.8858020047713843,0.32326816853524526,0.3140917236381152,0.9753501942615376,0.859754250560293,0.9914700092072941,0.7481397958067032,0.40955125204802084,0.3991043749284866,0.6583219089198815,0.4566290771416294,0.40237215178779434,0.40093633493782976,0.0,0.15,0.15
43,0.5932820581871496,0.2593439451764533,0.2918701083821265,0.08292744260568,0.04047140024968478,0.26103738345482796,0.2952111288418707,0.270066443504045,0.2894235972410397,0.39902144220157243,0.447698694185219,0.18238257135774952,0.2415774984299575,0.957542238750936,0.816025467276988,0.10207974106241406,0.17573018065768986,0.627368158733056,0.4409133068926911,0.43866409241898724,0.44212878908254266,0.0,0.15,0.15
44,0.5941249295564085,0.42913303063500874,0.5009588999190046,0.3736508609074545,0.4133620980052206,0.8736503186901668,0.7886167446895974,0.27912971461146996,0.3638988030373766,0.02051814205636153,0.21719429203854157,0.9209541551317311,0.7857390715011563,0.8671515479074365,0.7531098220561224,0.27706415636738924,0.40525959234700465,0.5248550524663724,0.48520497515788613,0.10376870037713277,0.0,0.0,0.15,0.15
45,0.4055525529315622,0.09185274662296411,0.07949018710454536,0.8413521975234108,0.7163247388316529,0.4096107738806288,0.5124382317157474,0.6631720241718669,0.7049247037811088,0.94421724084603,0.9313516948749339,0.24306758754442315,0.3198561201495937,0.005801003215079278,0.10702121171020272,0.022912799693870882,0.21153806010298734,0.7122008222065097,0.5390637837441008,0.9248375069515336,0.837094644668884,0.0,0.15,0.15
46,0.38587828003258967,0.47389947459087584,0.47863642293341224,0.37678314077412245,0.40111906057779945,0.5439396088398397,0.4030998277784723,0.8618220743916817,0.7071233632607492,0.652831537159024,0.7291238278772539,0.23082805738816042,0.3148189114846696,0.776192288993557,0.6281129480430669,0.13398887080220062,0.3396682889142921,0.16414022194169864,0.0970138152295271,0.6108242580181402,0.5328260495459751,0.0,0.15,0.15
47,0.3921898713996436,0.24037491079416476,0.2937385963069029,0.7080298074923027,0.5824323098223593,0.34806910708617583,0.48330245840996344,0.2760542491512036,0.4952937880743067,0.9999999899883517,0.9509800093438506,0.037057889240820076,0.2206326301305266,0.6459176071981911,0.6007461233546538,0.037544461117160845,0.18769038121672194,0.7634211686789766,0.6590270331781912,0.22560217057093324,0.15671147124878249,0.0,0.15,0.15
48,0.13255097096968865,0.08817924228831801,0.248822110039991,0.6514314726796411,0.6677452137274491,0.736161909202762,0.6890834334902638,0.6796712103456265,0.5509277599917638,0.05187941975416833,0.15560405321117904,0.29260347612074245,0.18824814247342495,0.44888911007013355,0.4271574855176709,0.2873220802769572,0.3698846242440791,0.8141160879976204,0.6303753122146325,0.12594701101072492,0.1844631524537186,0.0,0.15,0.15
49,0.46981567809706326,0.6219033423009543,0.6197384013293262,0.9928222740657625,0.7651230122444612,0.9083399757640512,0.8532552855897252,0.220381047263541,0.3777805272964819,0.0,0.1642881167164597,0.9839114290743248,0.8570939927031842,0.8855990693793471,0.7830481515089109,0.9231888743895926,0.7159518652900803,0.4160301622061117,0.5260423746354539,0.743664284828951,0.7412322990808239,0.0,0.15,0.15
50,0.6349355694567879,0.21385777678667545,0.3077767603865816,0.3940603309928317,0.3825773054037785,0.8566643786786502,0.5708776881072324,0.12514114590745623,0.34020773616454736,0.8948245832861782,0.8926708593091586,0.4962828203866545,0.5458346248680266,0.4236019600097199,0.43707004227015683,0.30596774004059524,0.34138555396825393,0.9212794712649173,0.6789691662721237,0.5151120457312102,0.515977452015435,0.0,0.15,0.15
51,0.45658335488614016,0.8179287315591713,0.8933976472145784,0.8616344525480273,0.8788621286741326,0.9284250818930474,0.8708078084729656,0.302201848988918,0.3729985647798842,0.3401246918640204,0.2853120762403295,0.5955693522294061,0.5063796998464598,0.43900985920321434,0.507099307387896,0.9366328901715303,0.810248337998165,0.3979509645690415,0.48734824151634515,0.47499275446708183,0.5130425224473291,0.0,0.15,0.15
52,0.25785211550411724,0.6270191144953705,0.5942587895510549,0.40655524176793734,0.30423739429934293,0.9994379084688696,0.8703156342631211,0.0961687651171178,0.32130836551705566,0.22077829948390368,0.22668880853320666,0.32115891888333326,0.37834571898837227,0.14194941182918722,0.2294709218774407,0.2844220734485582,0.38258171557990744,0.7826044332061075,0.7041354671394102,0.520416799355557,0.5351306910784139,0.0,0.15,0.15
53,0.30053083025575633,0.03108399663626624,0.27657521497144005,0.9872031595969144,0.9999999915217093,0.618042295747704,0.5669277296320304,0.05596354046538779,0.20700917037926989,0.6618569359586138,0.5504987984198073,0.3772804923522073,0.36204955033577874,0.12975789980933533,0.2610355992042878,0.5654130368438027,0.5335284188202091,0.7300328689985485,0.5847104134244312,0.6696702988305216,0.6509816503350405,0.0,0.15,0.15
54,0.3061574264583452,0.24929478999305887,0.41018076274570425,0.5272567105018482,0.5376613553061369,0.53867465999379,0.4453453789703627,0.7186638286241295,0.7121180352305103,0.36020454910519556,0.35744238649728277,0.79970973476232,0.8393091971401009,0.6278060320290423,0.48480614841142977,0.03717444784671825,0.14081283565914718,0.5480255649664495,0.43587762850575257,0.8617671607401329,0.6864576334700265,0.0,0.15,0.15
55,0.5657051981345059,0.5763266524351821,0.6764207119081485,0.176548820499673,0.01753868040518873,0.5110307147516566,0.5064700769103714,0.7591014155022711,0.7870780619460107,0.11015146693971743,0.25584828040851504,0.8192178091379787,0.7051014694069981,0.16194100381267085,0.2356974967291882,0.5356612851433866,0.5644308865776584,0.3860383462590695,0.36497622383075895,0.2442633733950745,0.26018896667605684,0.0,0.15,0.15
56,0.4502393819250038,0.6579242989509629,0.36704361487937576,0.03745033113428477,0.0,0.7639654302274821,0.6576324593275893,0.5274052938430958,0.6044364879611559,0.8767093493954925,0.7122773179694813,0.5206701728655008,0.4161265618442578,0.027932048030137206,0.1777907972371209,0.14302605181983385,0.16642286286523295,0.7990911220633913,0.7257472117207825,0.4892883454178284,0.41123700073413655,0.0,0.15,0.15
57,0.4638128633925155,0.4478941562251249,0.6423540373430737,0.31983762173220975,0.2788100205198671,0.28225008248288064,0.2949777149492153,0.969577954301283,0.9364925770571689,0.4333916821012737,0.3977302442670973,0.8866109063960791,0.9275401653229992,0.648285785250599,0.6542897744637635,0.8618064170195796,0.7548014508718787,0.8563787411271622,0.709653598022686,0.9568159544352651,0.9999999924121362,0.0,0.15,0.15
58,0.43535297139151796,0.7095341120189882,0.7463259747257298,0.8091295930258289,0.7552431766415366,0.7366954754243045,0.6926921522097705,0.6062670258701307,0.6893152561254446,0.7181077442736156,0.5702351257446997,0.7171281688153097,0.6496976384491522,0.0338758862604657,0.0,0.5175962608777773,0.4899147342460574,0.7961148967784317,0.7389710936465281,0.23856287731266873,0.3516310780243033,0.0,0.15,0.15
59,0.28885212703313085,0.47166965836523717,0.5647878952784622,0.4369461765168302,0.4810828789254281,0.40203441808017254,0.302031409323362,0.11932601045858533,0.21565496091438738,0.5262419212080427,0.6524275026216535,0.44565575889685943,0.3957856982486098,0.6636948520250984,0.6230231263881488,0.5510826778615829,0.49510969518111175,0.025048414834287783,0.0,0.026068058501293283,0.056399932993623406,0.0,0.15,0.15
60,0.3056089291465213,0.713026110590797,0.6585739240590816,0.7108457870912113,0.738070666258696,0.9664730439555993,0.9034028503644493,0.8797406887925899,0.8863898656911988,0.46852289287254384,0.3675436775179566,0.6266274088885531,0.6877672647451609,0.45505428262839315,0.48801091323572193,0.22281017622314864,0.4425715262932327,0.376901258563128,0.34236182266776827,0.09852896593788252,0.036394933262698465,0.0,0.15,0.15
61,0.4680738484796592,0.6774347809578904,0.7832407712486107,0.19282821487612936,0.211830259471233,0.4756655831603865,0.32693376648122785,0.9711396420677586,0.8913319390980787,0.03162383647132952,0.12704648103768146,0.14898408206029987,0.27761877154020165,0.29458311377686963,0.13087314771994135,0.945646904007749,0.9169130161016286,0.9132101301103525,0.7303576431040789,0.15704504088715307,0.3298711892234549,0.0,0.15,0.15
62,0.4086211547214928,0.9988771455891665,0.8045708523100875,0.7542187186221431,0.7410842425103412,0.5410185575715327,0.5786621468138162,0.9351432192490303,0.825385145831571,0.8815509140514072,0.7713090843058512,0.39032227222989124,0.3617796708386949,0.6565622341130439,0.6037314914505386,0.6495966457228699,0.5350400152264698,0.3268053547711117,0.3824516840508902,0.1745539009427313,0.12294545571103901,0.0,0.15,0.15
63,0.2141901580641547,0.4733677449474637,0.599010725771117,0.2644199995878013,0.13759299713221584,0.3536882467522519,0.383124962505022,0.9577492847956571,0.860026200276825,0.4615930333223955,0.4744866327094522,0.68604360918525,0.7155708291479709,0.33267741780680327,0.38735161785330063,0.9999999899446902,0.8439471359668269,0.6611885627824345,0.5538751590907209,0.19128742532991574,0.286744709314085,0.0,0.15,0.15
64,0.47860269970493,0.09671328129522506,0.12137358494950125,0.9475724395756485,0.7766320139541629,0.9511134567349881,0.7221130939507768,0.6224869386656781,0.7706058348639133,0.016929308502918232,0.0,0.22332861354918007,0.10062181561978062,0.8032034027034721,0.6747526191344208,0.8789328046214896,0.7456241551260645,0.45481612593715753,0.5185345813675002,0.361963718877823,0.30992467460718776,0.0,0.15,0.15
65,0.5416729692327733,0.27658842592511745,0.38357702392327214,0.11740947032138396,0.013396325881289476,0.11123772369871113,0.21933219637321702,0.9561966833827361,0.7545158432715328,0.8094860411644076,0.7475446037148247,0.1621288984950296,0.14043304775934667,0.20197560013083957,0.31377431871996525,0.6578082189846324,0.6728734575483062,0.7679098097908553,0.5512422447251488,0.8098152550102123,0.598457899064324,0.0,0.15,0.15
66,0.4006391881202624,0.16328600609059132,0.28497054697734286,0.9887160663043052,0.950517454395352,0.2247607878057676,0.4041648130926616,0.5903393827326394,0.5717937852008964,0.5882182429494565,0.461344904608024,0.9705792065484129,0.8906180450628703,0.6579020832405865,0.5742499951523065,0.5867701863487931,0.5126061883289018,0.5201033664028586,0.5653173232098687,0.7638441207010381,0.6918071004676528,0.0,0.15,0.15
67,0.36840354873707154,0.10475597749293897,0.1654350485396331,0.0019812335546789787,0.060391861069398596,0.9589253403932781,0.8739455420482782,0.49891440743518123,0.5502111746970569,0.32863584971303744,0.32865380811204686,0.36688895934227145,0.21909367187277176,0.8058001731042863,0.6651949525268028,0.38311592184816223,0.39278929516117783,0.7734576368053373,0.6590456302593884,0.437420214990713,0.3217655982367572,0.0,0.15,0.15
68,0.5365792358719107,0.8588521293785453,0.8422707349758329,0.07644797797511621,0.09368393484428493,0.4814001541095697,0.43988189404890765,0.4668725962402193,0.4261757398407278,0.2645538926499702,0.34399732668872296,0.9466584474820089,0.8898537946924894,0.9081774592756598,0.8573315378504557,0.444680651288132,0.512843515343958,0.09520720974053797,0.17310658264409193,0.20213516178046015,0.2512427552229189,0.0,0.15,0.15
69,0.3804268237708426,0.2737957230229448,0.2198621910391321,0.4864157940765799,0.447935190926983,0.3367819789120131,0.2719436700121088,0.776418025811663,0.8360477656604248,0.4764991132265548,0.4873829593973999,0.8728787090153506,0.8965835598780222,0.9999999898821819,0.7971486258873456,0.21968268664181945,0.30538351568747213,0.6137255862550585,0.5518018113293122,0.847258329660648,0.6854175654795239,0.0,0.15,0.15
70,0.3386178067664983,0.962214524515656,0.9252905407993985,0.2913536357863019,0.42685738878851937,0.7305307398666845,0.6177855165079649,0.011717300154297868,0.0,0.8800845041379995,0.9654713961272765,0.060550827011575124,0.05320620982577033,0.7345222514565817,0.7579450465973806,0.9987423808188772,0.9205784972024601,0.5023836478025556,0.4281962544237331,0.2047035369204158,0.2530518596176818,0.0,0.15,0.15
71,0.24614964301005918,0.603985638365068,0.5333541566928104,0.6270154810920886,0.5963145929546294,0.6707894993657746,0.6965607704246103,0.17047148577209736,0.24601379048312544,0.8996775541389083,0.8191999739118342,0.6216763294590871,0.609984098597573,0.03656814813914007,0.28416521891171925,0.6864553077943129,0.6490399990657599,0.19490199486580867,0.17117364573477994,0.021459390622626733,0.07654384394363083,0.0,0.15,0.15
72,0.3508801197666445,0.5593437661023143,0.6787565079205199,0.8170841728147925,0.6974217317337627,0.8651672439306448,0.7823198232347635,0.1008727353954312,0.20550842866833213,0.6637331327468654,0.631869858602722,0.711411489834146,0.6767952761365275,0.2904730635096359,0.441826822213733,0.9753674174660024,0.7096964298012595,0.2781486675214147,0.31116374601816843,0.06439389594317008,0.05455769647802879,0.0,0.15,0.15
73,0.5867000631513675,0.5269810234035157,0.6081340694289515,0.6975160838673103,0.7498121520247305,0.24183898123177686,0.38499367674582624,0.33766210700099086,0.43274918225477493,0.5642025290601707,0.632232220339731,0.8893055977492862,0.7317014393712679,0.7486168853575733,0.6869561565372827,0.2093820365074749,0.4105148757894033,0.25102871156559753,0.1879280443388659,0.5214122834223729,0.4783748105589239,0.0,0.15,0.15
74,0.5163804713253647,0.7820972925247411,0.7369610569178134,0.6216015002847335,0.5688492129780057,0.501860223583208,0.5469277213918409,0.59810597018406,0.5916381246961998,0.7568587251788836,0.7280587422043117,0.537151267562652,0.47359931397717137,0.9008160245219946,0.6739176787657657,0.9509365259150168,0.8539607533942085,0.9197735563738892,0.8048287266172046,0.7536352305204063,0.7397887381686801,0.0,0.15,0.15
75,0.4119364819087007,0.24807667574842585,0.32734324746437243,0.3869940590906913,0.2731426285418033,0.27764133836518623,0.27746518452177377,0.659085904428576,0.6927421366910956,0.324517303507621,0.3515832341460478,0.7560518729789215,0.7192941690219029,0.10733254641052184,0.2197469818791174,0.7782841149352174,0.8462856130282401,0.5877555122926509,0.6425539946491512,0.8350614428521206,0.6324203042924775,0.0,0.15,0.15
76,0.3994126042472722,0.4366508806527491,0.5605707413340322,0.6278338513224779,0.61478182666272,0.5556423936787865,0.5593675163584508,0.979434843982395,0.8267838581511785,0.7562724053007824,0.8612904667271772,0.5449412634482492,0.6148278126966576,0.16856862935877448,0.1875402095549259,0.9077456788326855,0.9059040641375351,0.20473168519433968,0.20862562497722706,0.6484420340004424,0.5161254690759809,0.0,0.15,0.15
77,0.49896393202180517,0.9532588476584858,0.8264004987259246,0.2245286464485548,0.3266868064661177,0.22285769460729143,0.32347101201793477,0.854671965566218,0.7352745404381508,0.8285371177951799,0.7228950824361893,0.35041951598486754,0.3274104351640645,0.26070572886701515,0.3160284582600027,0.1267238843012406,0.2814705361489066,0.9929203601138725,0.8575044043431483,0.835015543247043,0.6539675739460195,0.0,0.15,0.15
78,0.41023014022951265,0.9153710005548231,0.7423816042076791,0.5160162925790889,0.38695732037453046,0.10986023727485425,0.26974895084077677,0.04955764996988654,0.14282920577138497,0.33088519073708816,0.37313323600723763,0.9232039009556424,0.6938087429061223,0.9512321924930888,0.860021167833461,0.8444471509929516,0.8975924746646355,0.15720581231903324,0.07358569168443939,0.41674020961900743,0.42519410230703814,0.0,0.15,0.15
79,0.27360952609949973,0.247996889778082,0.35912464608574574,0.20621157221135356,0.3090361561478254,0.6877617162138482,0.6536887497104344,0.4862761614316924,0.5486092629439875,0.3252061254665757,0.37410577333472195,0.09709195805084872,0.19376081679136095,0.5436677964784504,0.4914551212739655,0.34757536988997323,0.4177091563012373,0.3914323495775094,0.419206834017248,0.30657371627947305,0.38726100136447605,0.0,0.15,0.15
80,0.4144292025772584,0.3920190835901758,0.49222177396542643,0.5583983579897879,0.4391819641578102,0.008308217409577443,0.0,0.8504693797957166,0.8223050342368039,0.922911755669986,0.7871125456608848,0.5506994981274974,0.593732469744552,0.263665016747923,0.33335526146392436,0.9943468161391209,0.9425317556271671,0.38346904073781884,0.5127495217809473,0.6923539410996564,0.5882667944293947,0.0,0.15,0.15
81,0.4175510254905357,0.7013704095174204,0.6921548639078396,0.43626629287522894,0.5109449836517908,0.19574226256498897,0.3534690068526036,0.9702761128769851,0.9999999926933949,0.0636830651465047,0.15161563843935497,0.48484119177711066,0.41964981935666323,0.21581744301566153,0.32000748562554837,0.2942309252309053,0.3221268925247685,0.8322702314630792,0.7211596547528184,0.3637206575236163,0.28183508704915766,0.0,0.15,0.15
82,0.4012904455906804,0.08155443370142873,0.27521408016109006,0.19712754802954036,0.28341284049112686,0.8656051592123131,0.8168502626181687,0.9808024082060548,0.8899407961097723,0.26821233044290804,0.2942127715312637,0.6764918038098376,0.7363313112350289,0.07464179416562436,0.3015282157521625,0.726097890955407,0.6881011446260866,0.4169704897041046,0.312767436196484,0.918401605033807,0.6773409198397546,0.0,0.15,0.15
83,0.4257449937606179,0.314712212663838,0.4138272768857341,0.9458506673974074,0.8063550242650863,0.503808536248655,0.553920999679535,0.34804862989850965,0.402036129299852,0.6476912779569828,0.6986442515650078,0.24771694461910312,0.28981578909927974,0.2249567543681208,0.3936409560683707,0.19606326142043387,0.1386515409557761,0.9646654947560374,0.7894292069963992,0.4902324693472085,0.6021510458455487,0.0,0.15,0.15
84,0.33070992136162364,0.7643758180250321,0.5546719433081352,0.4761389676519318,0.5306686601289021,0.5892036840965515,0.6176602869001905,0.5850241399685064,0.6913600890300374,0.9809457228334696,0.9057233958272665,0.6694649388595986,0.7206387694349294,0.23508051593030474,0.41557250178818167,0.01391254672652333,0.1767866045204113,0.2176760637372464,0.1333842000989213,0.4525813544334716,0.47869842446071925,0.0,0.15,0.15
85,0.41550720823556625,0.39837979730157197,0.38160979426601654,0.8160920494461326,0.7376629453804375,0.789810021108123,0.8191384616902324,0.08634173053700765,0.3160543968695174,0.9530376696568529,0.8675020065049531,0.5274577953163971,0.5568237214214153,0.5959168081498124,0.4801755670376512,0.4059279595054105,0.4134466309017699,0.6518497511949191,0.6730968694588851,0.8712460777062657,0.8255926015653318,0.0,0.15,0.15
86,0.2396721360737881,0.6850049917428692,0.7408736283679092,0.9746191983202325,0.8710636504509345,0.7042712467487247,0.7430228111819167,0.8243525195444324,0.7730361266067768,0.04501006413834547,0.133311381164618,0.6737615134859247,0.6353041705158491,0.6549529430066854,0.5734890885829689,0.10093963545423093,0.2766731489283988,0.8462383372508551,0.6327543264160724,0.6123246215113115,0.589079601788637,0.0,0.15,0.15
87,0.3079368575788144,0.09686051134335867,0.14078856502698356,0.5971906056680695,0.5053127632681739,0.47865219994453373,0.2757285062318566,0.2315994266687595,0.3337662774886437,0.019697120006537616,0.11338523373042093,0.3643848051367725,0.43705302861713774,0.6196401722827892,0.6905096352929547,0.3297311975364512,0.28724719774295987,0.306938308275916,0.36627425376186085,0.7502147825089377,0.6025762559504281,0.0,0.15,0.15
88,0.375614489651621,0.7715381719972942,0.7518933790979814,0.7220840160683851,0.6609559791068206,0.0964846864489325,0.1563799851289269,0.5165514001033026,0.4889191518992583,0.5583664162420626,0.5815403944636918,0.7463947026676603,0.754159397587767,0.9063049186565105,0.7161357588631921,0.3697108401365302,0.41890704867611117,0.42929256262239407,0.33968313135630157,0.7317348776237212,0.702409569403713,0.0,0.15,0.15
89,0.4602537564425128,0.6734593420964815,0.7177802935518564,0.5604182924695706,0.6560546942487924,0.34869833475749457,0.27241106540869,0.19337927172876168,0.38962791448416356,0.18393949277757904,0.25168553970759755,0.07832457129671477,0.07338481971114454,0.07464366837639158,0.2541158463402783,0.8491071413706834,0.8762642209624749,0.3839514877862171,0.4735945722873665,0.05508780039323943,0.172524122279941,0.0,0.15,0.15
90,0.3702668612345091,0.9123404698201137,0.7923985691064012,0.22421801146796722,0.2746866756026874,0.265610504688993,0.3531665240171923,0.19251848265674382,0.4035970879117125,0.9685460481290002,0.8958348290530761,0.10950769608908849,0.15914392396177296,0.7231577597824782,0.629405137006075,0.9358749314051104,0.8762578095008826,0.6704941566300789,0.5599426179386882,0.8585597792083463,0.7316279697943099,0.0,0.15,0.15
91,0.44401983924062993,0.2441184009956899,0.29757202533616667,0.6770316373505975,0.6353679060315188,0.7040170555538304,0.5928221478891343,0.4582927830167017,0.5204517825556133,0.8714776725575389,0.7767853867337869,0.6956076603600266,0.7028079983705082,0.8979071992970261,0.9212738489405972,0.7560011367155756,0.7586253150394543,0.5216330287936748,0.374761048446824,0.4960466488782484,0.41867150407207887,0.0,0.15,0.15
92,0.5022677457948035,0.4600005658454506,0.38091985962359376,0.02162975380431395,0.079601519018189,0.5361196316136961,0.40465283624374426,0.4226735540690895,0.39895514079015787,0.1576351124719353,0.3060212928990391,0.1160850471337896,0.23284461167939824,0.44713218342354727,0.3777778103966952,0.03876464131414713,0.14974443421109948,0.9915535850071902,0.8628622990041698,0.37465064061302084,0.38201101979496727,0.0,0.15,0.15
93,0.6420233270553745,0.38682229947912317,0.32085145471101334,0.05125023264001935,0.12467561716047858,0.4262319627083822,0.4075901588214446,0.012451950546663263,0.26994573500633906,0.03004670420740825,0.09019244379481055,0.3377232458452383,0.37708703963953893,0.823127575722755,0.7361865174067106,0.4599896371268959,0.5320965814822975,0.012247148669707945,0.0025420013452746516,0.1582726119172038,0.23905696067272303,0.0,0.15,0.15
94,0.3706856224122321,0.7524289228588418,0.8374620522888416,0.7417053468480874,0.8356563516339788,0.7583702991375779,0.8435696107155223,0.35084549362700346,0.39357176679917116,0.3526053056989117,0.43006452856628424,0.804084559361468,0.8019474863881534,0.3953147969060862,0.48490325017153024,0.7298439093485459,0.733271402428892,0.5829393317676328,0.539871737192973,0.36077667669742597,0.30317013247819713,0.0,0.15,0.15
95,0.3356268619291631,0.07813990147630838,0.2177444989153635,0.1165602895612333,0.22759591868208792,0.8951721697256729,0.8655801493845646,0.4522567290995583,0.42778762630092315,0.9950803991455591,0.8598716857754098,0.36270226042958914,0.3358952425647732,0.24538534482909702,0.32622402609824563,0.35110897339915914,0.4178062303156226,0.34304877927808014,0.2457427488190673,0.6356683075518407,0.6080652233788797,0.0,0.15,0.15
96,0.40385891355403125,0.009405843131537668,0.0,0.7667997366542887,0.750344359742711,0.41584009943916683,0.4859984977823841,0.4320076343668173,0.535318338986496,0.481593447836055,0.24047931407914458,0.4486415132146977,0.3316732727327869,0.49581813348059106,0.4910706169632948,0.3464483278286529,0.41520591030818405,0.4541674359704449,0.4006995421439328,0.4013634026776728,0.3141768141069019,0.0,0.15,0.15
97,0.4198426005363907,0.5259207806140338,0.6616270214845146,0.6261303716649085,0.6149714187224277,0.23817246827130942,0.27387651621862047,0.5087657722402461,0.4764141077563987,0.595232567809605,0.5957078482146578,0.013217040901147056,0.1791944184795462,0.5191122238712662,0.5336774823155991,0.23924760046665697,0.323707707298061,0.40497977266416113,0.37338096442707874,0.8261420286736074,0.7024311636855043,0.0,0.15,0.15
98,0.4546123382573457,0.32973178952438503,0.38485414678279334,0.4854081462789825,0.3905574308965579,0.019044161928150508,0.2484449891540525,0.3076114726848048,0.44462641361196964,0.6403842744149552,0.8029549333447787,0.3136107774354315,0.36814674018188037,0.20070829919287067,0.2932258937215873,0.29089411861895076,0.2972030786190155,0.9591012426173863,0.7772634383681771,0.08132913916325597,0.04826101634772245,0.0,0.15,0.15
99,0.48125535077021975,0.4698404448328766,0.6808225831937587,0.05854557332514052,0.10825727817111383,0.5396824675769304,0.6067225993406871,0.14370010238428033,0.34852222804527755,0.6347414212764467,0.7128471714029379,0.2624753210188928,0.4909624528149162,0.6915417501725306,0.6452249351413317,0.3476969452230834,0.3916453516827699,0.0014919523883757313,0.06485255680032719,0.2908523598859988,0.34482493737937364,0.0,0.15,0.15
100,0.37176072311043074,0.08006893895435105,0.21706796865392436,0.4972874185748734,0.4579452143517002,0.28664772454956733,0.2876253951904778,0.6412876399698324,0.587508815091314,0.5004363032646337,0.5311884659605661,0.03245319612703896,0.013068043611708983,0.31487411089412376,0.2654738811775176,0.49039499414027815,0.515567835909475,0.5739507101565157,0.5888613481884276,0.09952281200375845,0.194312924576701,0.0,0.15,0.15
101,0.47269345750363734,0.660518370343288,0.6671171633825466,0.34522138564824223,0.3843775305266759,0.1792930468401607,0.12937103687268534,0.8078379476347963,0.714260892433517,0.06862133824047018,0.2777675437044806,0.9327123341098114,0.9395428685058345,0.7070733812983988,0.6142297119402156,0.4768523315917229,0.6202929081821719,0.008538799839452636,0.003443942634797305,0.38673753288926793,0.30246585521458086,0.0,0.15,0.15
102,0.408196617969551,0.6562546091687016,0.786077318886535,0.8629017979119512,0.894912689669755,0.6198227978111868,0.5638073609819536,0.3972219955196371,0.4614103576125055,0.4477984999866946,0.43586543635299213,0.8758249151741162,0.8372631552359097,0.34798306091950276,0.518218090206832,0.06414881331360987,0.2365368193593006,0.4434107386485903,0.3898097468746209,0.9992527522538522,0.7259135904964491,0.0,0.15,0.15
103,0.5227371641378036,0.38443508447766783,0.5083682250879297,0.19385768980881063,0.12417128196295119,0.03969980032998346,0.1314146728231698,0.16881654843207688,0.36647775353031464,0.3243599003012881,0.425169611887778,0.5746217724974354,0.613217252982763,0.6659163793416281,0.6812703963367047,0.041686584258282935,0.19330851267111654,0.9407613259868759,0.8108492702001293,0.2311886949743954,0.2519888080483754,0.0,0.15,0.15
104,0.3721187366279445,0.14869940139497248,0.296032562949373,0.5332484534511088,0.553808113002358,0.680426997017316,0.6684137324554625,0.30610237041484784,0.43484687481595863,0.6701390188749237,0.5978033524509625,0.2925902878601885,0.2857125780925793,0.9052868616717422,0.8166247157978089,0.8841966666192432,0.9266083463981892,0.06903978438607915,0.14539796592213544,0.14536699879647935,0.17077316800551554,0.0,0.15,0.15
105,0.41402556023468035,0.7096530982154678,0.6905891680574876,0.0,0.12088141768583488,0.8265410631890533,0.7672438804131573,0.35544953027888954,0.47931686459292905,0.7454052650276478,0.7606479335107622,0.04070544573044386,0.0,0.20421606905060763,0.34348734848648604,0.06982763091085253,0.2359941288755932,0.17851512154263352,0.2514326176905779,0.38099424692664374,0.2971246504064954,0.0,0.15,0.15
106,0.42702561703607006,0.4986485519740478,0.624872764709174,0.9203536231669266,0.8232407355748644,0.6293558918577605,0.7719365843153811,0.7082643830697879,0.8135245301008368,0.08212433839762652,0.1011678401747653,0.28502864006521533,0.19369865762060356,0.9959024382751118,0.911601004294426,0.5621528125599832,0.5021064028584687,0.7912433267030934,0.7578790413824134,0.026636416864578988,0.12976287335578093,0.0,0.15,0.15
107,0.513252526255511,0.08229823258394738,0.0902790770355703,0.10963513631437069,0.21647876678862107,0.009465192201414526,0.1324926643465366,0.9253478178702016,0.8768612699680081,0.2538487443746009,0.42352402149077667,0.9999999899268887,0.8895976639648985,0.7393124837563447,0.7365396516150798,0.2506277415989251,0.29236695786650474,0.996819017728101,0.7883080112661415,0.8684344377543158,0.7095986554037953,0.0,0.15,0.15
108,0.39958964930312746,0.16498248142487013,0.2222217503849723,0.18608788761489375,0.2635351657224609,0.6830613275618272,0.5571642272820545,0.07544649452358956,0.2897170689613805,0.5851237496690741,0.518773257631433,0.06323468213469258,0.1497967209622591,0.21639101856262605,0.23924909404744382,0.9523165798066279,0.8748450890668583,0.4997451163577678,0.5247865261424676,0.5715870877436757,0.5025135638687048,0.0,0.15,0.15
109,0.2963396117353046,0.27194777443938134,0.47885123218902975,0.4420463959705183,0.42183998105932635,0.12872129931137058,0.24913078716975892,0.5170050642865551,0.48675140139583584,0.053936658959339384,0.16318442477344605,0.04474694086457667,0.05806980943068577,0.6801413475185977,0.594822972047825,0.053916542042556755,0.30235557330142415,0.5226341890910866,0.3641450707047637,0.2617857183097111,0.2599631955578574,0.0,0.15,0.15
110,0.23043782012131533,0.18817273118557346,0.3458238416617457,0.5759411956081795,0.5652921189330414,0.29431999902975986,0.2057204950518491,0.45632830828694104,0.5501366308656523,0.1390537361794282,0.08641329319776983,0.12355525644742658,0.13383059109126955,0.10027016410926691,0.2222058285599074,0.07058673926343183,0.0,0.5553166000166274,0.4780517876553943,0.7551326039368966,0.6886812339946022,0.0,0.15,0.15
111,0.5034009855980054,0.8060152943451191,0.7718250563954596,0.9623068359791932,0.8873002247949132,0.16457409773486298,0.42177015680979757,0.13320673846661446,0.3523903895078053,0.4704202122727927,0.4882242404811959,0.8634472763144505,0.9950090221947424,0.7685928660186192,0.6622983536346175,0.5598962065590086,0.5940710355477726,0.15529517087986452,0.053236633963933785,0.3878826079328491,0.392408214908295,0.0,0.15,0.15
112,0.46402745098468945,0.7314038165401008,0.716604534564531,0.37507856107615917,0.3816866889955037,0.03361040248509465,0.16993758556758332,0.5847672450806434,0.6205517381105602,0.7208914288128517,0.6092973459699751,0.7161420920257994,0.6325641696184463,0.15929438228659293,0.2804225573589856,0.33648077987262887,0.296391365877769,0.4096496009013407,0.43288470672734203,0.4173022883289208,0.5228402889423247,0.0,0.15,0.15
113,0.56619475270133,0.11303569282709836,0.25332769698695423,0.38725538812998284,0.3440082869957667,0.5072375629796088,0.3405087156363771,0.7123752423547359,0.586645837439396,0.5700290138224879,0.5964549153966946,0.4040358742947302,0.5052293279216268,0.9310122667911112,0.8039921881254681,0.6000223810271469,0.48286480127772546,0.9796727762925216,0.7523366588282002,0.8672689804528552,0.682898963667891,0.0,0.15,0.15
114,0.4092466462661241,0.6846883777575389,0.53570134285647,0.9034954865871756,0.7973013038693442,0.9981829496804643,0.9814256557958959,0.21909184309961494,0.21755664856325013,0.6917794981179319,0.6266157847815457,0.9216414051353485,0.6714351072378171,0.010091290701327284,0.12018948902909765,0.8025417791358048,0.7228431093689867,0.08739015130109412,0.19710249147661776,0.9167849478984005,0.7951769120768872,0.0,0.15,0.15
115,0.4086597756179977,0.6217337388287355,0.5442090131280687,0.16272416600500333,0.2052079907004092,0.03390502320709464,0.11536060728469154,0.8304981175969623,0.7782210652472005,0.13957244190913004,0.18393064981377183,0.9425552954495837,0.877488004109649,0.0844219394256244,0.24002291502161413,0.8412441507519761,0.8217011629546985,0.4241216779527605,0.39218717449512547,0.8726648067108782,0.8519334097272595,0.0,0.15,0.15
116,0.4179366490930147,0.7817044660425537,0.8066177399886518,0.8568421284514666,0.9036981212582684,0.47037154430034805,0.5462093799450942,0.7156064685333714,0.6485463569216263,0.31895680227086765,0.4560765908297124,0.04366297260476432,0.19855688752715187,0.22762433078207275,0.13269583790290398,0.0,0.11466226068030827,0.3631461310654199,0.44502505953907934,0.49115386874987255,0.5180773205300535,0.0,0.15,0.15
117,0.34639618234510616,0.016220627737983568,0.03674560322147693,0.007646121582291874,0.13667077443410627,0.6894208532860387,0.7996277394847442,0.09776497158310136,0.29025641566272614,0.07384954045856859,0.02267009294391443,0.4953663716743682,0.4162424887878446,0.7191066536131345,0.6981510185230122,0.9812007439218667,0.847291211009734,0.2949886203741244,0.3791275921244587,0.11225641946899807,0.208972807922579,0.0,0.15,0.15
118,0.3296202480540612,0.06642015300755276,0.3466550308235487,0.20838283276552358,0.31923921127557137,0.09534264614571279,0.2334396765829276,0.0,0.15466801306683603,0.2853237706620094,0.4406040140104253,0.16155223612241018,0.20170837418175985,0.010951044282369642,0.10675005541701255,0.3552242734517248,0.41315885384565126,0.829638359718442,0.6939420756827742,0.29967942510646656,0.22443565490824668,0.0,0.15,0.15
119,0.4438396404797286,0.7219563998021195,0.7830038261165898,0.7321008243701213,0.6665431596472768,0.01987013492240462,0.16091015646317786,0.9654465939786303,0.8221698290978432,0.139089331869521,0.1863834256834035,0.71885528219123,0.7282354463764702,0.3763997883121543,0.4148644016081392,0.8716554888126067,0.7576278499295074,0.999999989922128,0.9999999921078856,0.18858246119862782,0.2362247803242161,0.0,0.15,0.15
120,0.5180844173571846,0.833694026698264,0.8651769842384273,0.5078007951578931,0.5495285591520326,0.972036800229837,0.8986358607535241,0.6595178128809833,0.6921588379419602,0.5938469381041321,0.508829399270565,0.22734633777007446,0.3729544812039148,0.7196537794143208,0.7560127425826548,0.2884261506078067,0.37479049044498447,0.8496357054811896,0.7170515149747997,0.9779115975368189,0.7176101810679991,0.0,0.15,0.15
121,0.460380835807897,0.004353569091180683,0.22332217916889935,0.9590797435795743,0.8487275480173101,0.35712781693101586,0.44710907944960365,0.4884963764044654,0.4298944045799282,0.9250799303488603,0.9241947613914823,0.7777756291635695,0.700724157873276,0.238574215264633,0.3361844148055133,0.0960192074546588,0.12334100709944715,0.8450680259057844,0.7644988584666942,0.7461257586749787,0.5886660188151437,0.0,0.15,0.15
122,0.35190014752414966,0.8734247119433745,0.835583870765157,0.38575805610829306,0.4512712255782036,0.4925292084983834,0.5012068292897874,0.4650280524752995,0.6535169724456995,0.3150062838155484,0.27643301444214974,0.334271336514082,0.364624149712676,0.7196023757118843,0.6993676909053764,0.755867173296828,0.6282506578551816,0.8678719915090624,0.7374804012300489,0.8446401841416903,0.6933638092851336,0.0,0.15,0.15
123,0.4424648575067768,0.7667491545815667,0.7715133843476135,0.33424928091658934,0.37924614219101355,0.7133120477874376,0.7931222072795523,0.9763656708382383,0.905162799864176,0.9172251927586219,0.9105313227377347,0.9747352118422612,0.9999999916044238,0.02912023542865218,0.08152159614305277,0.613612705571451,0.578349218738751,0.2143108217232149,0.2219334347670913,0.2421851530767393,0.14012224722385005,0.0,0.15,0.15
124,0.41764638304187124,0.8588352142080672,0.8336245672734564,0.7536602139030921,0.5042197752045496,0.32708206488629743,0.4305489889305607,0.5203283712073821,0.450341896974341,0.18846726576603687,0.1391978498199852,0.0,0.10892492544110026,0.9030473704692471,0.6861682402982021,0.7121981623556172,0.8113614466745702,0.5302274639054576,0.47528084001615156,0.04840139449452279,0.10044437208000309,0.0,0.15,0.15
125,0.34366477162712694,0.42639683566904396,0.5755151327874001,0.38173949391893525,0.37585863574165224,0.16776999167893547,0.26705265287677393,0.1539272824073932,0.2774413558783703,0.17329753638242953,0.18789584940785653,0.5973439518117312,0.5944317550601815,0.11865931574810275,0.2872867612445384,0.23849949611760565,0.23645647923236493,0.95093199280548,0.7290596756093418,0.2149009443941995,0.1849121416160285,0.0,0.15,0.15
126,0.2777491071265996,0.7768840715555585,0.7595261769959764,0.6007805906001152,0.5953440375324134,0.4125396766412593,0.6117169861251348,0.5962530008265999,0.6285341146752004,0.133693691126179,0.18097226419657336,0.48387266223404,0.41222507180090445,0.9760731244378055,0.9173132379823298,0.4287173575447388,0.46209438138841546,0.2420636117043387,0.26669349695659594,0.9278128140511503,0.7702054750147697,0.0,0.15,0.15
127,0.3169391212413851,0.6204676990988751,0.6797678269477343,0.7312189218885448,0.716247277514947,0.5444909260004402,0.5784899859922835,0.007875121451631575,0.18272239694573938,0.7564983872247021,0.7357203335556982,0.9819973705777902,0.9159247764289303,0.7171117213038426,0.5388942208355688,0.8118614162781773,0.7375435982636233,0.8555091465342167,0.7955610321440524,0.9999999899312646,0.7896287589398949,0.0,0.15,0.15
128,0.5195481805972573,0.29129029130610534,0.20776773600531734,0.45141354583780063,0.32828750060011097,0.5439048251183122,0.5547831850970315,0.15016725715518678,0.23504857410295002,0.48145427135961916,0.5037967231745585,0.2751507443383893,0.29445532769080895,0.8392790563411386,0.7230170215467676,0.34761402718230605,0.34036394901700723,0.07961175968770395,0.12838103681287913,0.004085422868507114,0.07915493729416796,0.0,0.15,0.15
129,0.4253618437703452,0.8756767803134351,0.8313350936023668,0.8628340912775737,0.8593840388166577,0.9402845333243866,0.8813811281066897,0.06966962214910288,0.18542002101159827,0.3951364917095565,0.38943109006395493,0.4274693389900758,0.41790000264249183,0.8635126811946868,0.7801649037072014,0.2614971316237804,0.43540261683560527,0.3018487264313814,0.41562942244603995,0.7316943779370785,0.5882610204927206,0.0,0.15,0.15
130,0.33908767205908485,0.18036484978061162,0.2031312811115597,0.638294041631855,0.5545967490279482,0.7458955844940144,0.7430521202628747,0.17837085913258613,0.3645984692428906,0.2221213119469775,0.2373685521312719,0.7010704574631482,0.5771708915724517,0.7963511442052176,0.7508623860594847,0.9572586374419173,0.8886087349046823,0.30834441817247293,0.37115391414564125,0.546335318284839,0.43626553782481015,0.0,0.15,0.15
131,0.4076565523973275,0.14640116110444168,0.282082465614608,0.43886476042962336,0.2976000367186674,0.25851516109596345,0.3126265826669275,0.3479552044290844,0.47957837356276584,0.8042193976050414,0.8909596704280572,0.8052470539794138,0.7621420809700297,0.7052921587730926,0.644890080835661,0.1229539839838884,0.14364176998808242,0.28352784121798413,0.2905646436810371,0.9396827877787883,0.8252713495698215,0.0,0.15,0.15
132,0.4610848451548653,0.45877292231589906,0.5865547989571314,0.624699223699012,0.6071785732065049,0.012527941669867305,0.04991268469071168,0.5184191219176469,0.5916332770349699,0.6898636193156679,0.8101134638906871,0.05545709006797457,0.09166587456990043,0.10912891912111444,0.1904863411334967,0.3690375677796903,0.3967465227477222,0.9491044536370018,0.7934651270176465,0.24443880724785003,0.21708502595168178,0.0,0.15,0.15
133,0.34598532181996544,0.018464032073696443,0.20920119938021253,0.8130297008540697,0.781369850245091,0.8543346283933481,0.7710096374760123,0.5372318706500472,0.5650184045967322,0.8940054813051357,0.718980768563552,0.1764878305951561,0.2396343014414023,0.27039084285199805,0.2629454671659378,0.019193671562010666,0.14748024168434357,0.585266587409045,0.47454590457801415,0.8874189284582018,0.773839212791935,0.0,0.15,0.15
134,0.32349849929192315,0.6159993938122434,0.5978385544035242,0.08054926299735021,0.12438534498714951,0.6962692384678449,0.7870450156046739,0.6775006675955549,0.5579428924263335,0.16685645531999713,0.23299460010209466,0.8311899155770917,0.829114794881421,0.9156261001787505,0.7655639136260968,0.39249639293826816,0.43820139681495013,0.308459526953807,0.1895116046395245,0.5725544740454721,0.3852097122774532,0.0,0.15,0.15
135,0.2223598476672209,0.9900892455985563,0.9897310868012099,0.7283109498957615,0.6481312152816763,0.7943747472196392,0.6469614491251119,0.7708246070694817,0.7026003602787927,0.9580267065631398,0.9501517088969852,0.8183042997359713,0.7931216323138189,0.26396159166169636,0.42425354721080694,0.23121120182416838,0.28492436301817314,0.24126685551201693,0.19255723428159688,0.20832920470742092,0.25217706523781386,0.0,0.15,0.15
136,0.5088549041558709,0.2091901944298985,0.38530936366083823,0.9388527262254295,0.8219211920756849,0.9580881078047879,0.9545026584599343,0.08710574280012236,0.21650452643493112,0.06406700213879385,0.3034494254613329,0.8594409932940593,0.6441732486110244,0.5628698893597861,0.6660727011632508,0.21136731614865634,0.20116704045742195,0.46270394678923693,0.5063347085343963,0.06818387831214547,0.12869011534439062,0.0,0.15,0.15
137,0.4587922460906865,0.9999999897822023,0.905099715634661,0.1405003382405223,0.10474876577902394,0.8110812030132298,0.6902369617063929,0.9618148046637593,0.9222467531690877,0.7117573345525009,0.727645897829049,0.08534319679847838,0.12254205810906671,0.5894221984089812,0.5785839889636248,0.1285620227284372,0.18505223801789294,0.870992147299793,0.7232388120036798,0.6713817338711001,0.6416069059885753,0.0,0.15,0.15
138,0.4669389069383826,0.9589647683696295,0.8364103205601934,0.14646315577681568,0.22629293409185852,0.4535972610093542,0.44085247643405306,0.5441499822219028,0.46415957472153513,0.10838224214287864,0.2610475216621047,0.6779994506389324,0.5208441681380863,0.5655953787363956,0.5321847738463127,0.3485979001903007,0.4797074722292817,0.41342385496775536,0.31525691434662956,0.7956325072223709,0.7393788382066274,0.0,0.15,0.15
139,0.45619206231441556,0.3605666771578792,0.392626610269295,0.9771659261386686,0.8771437186068668,0.9241724613400601,0.9994799087350932,0.07525093854759818,0.31108024473348866,0.8533277614336772,0.817946318786505,0.6748498330585537,0.5763107776347421,0.04845738621248181,0.20443413174687367,0.9592810718401225,0.9617548366401157,0.8372685115094617,0.8716327032202028,0.8323381279449413,0.6531033755725817,0.0,0.15,0.15
140,0.1972408433199099,0.9319783826714432,0.9999999918048645,0.9253704522278207,0.712499292549567,0.21592417658075597,0.3325827938930519,0.9408445543192833,0.8854509469538109,0.047903976688815554,0.20762409238904087,0.8840213842444826,0.7362515729450955,0.45457954926085153,0.49613795476583217,0.834395745324201,0.6261413659089432,0.2724585281415433,0.21678446416716632,0.7539823119937182,0.6380152294205793,0.0,0.15,0.15
141,0.4109608126800443,0.8186169385654185,0.8106483537075152,0.08120393150278161,0.3562614492610842,0.9203529806772406,0.81014822651372,0.8198495175542663,0.7728653007200919,0.5960736570006319,0.4960029961918663,0.709249976930573,0.5055419496061241,0.3423807984557731,0.4688734151163162,0.4717938495313019,0.5573291873678937,0.14580138047332947,0.06106150607971065,0.49727409809257067,0.32257014847551857,0.0,0.15,0.15
